file_name,phishing_type,speaker,text
phishing_1768_augmented_1,콜백스미싱형,1,"네, 잠깐만요, 잠깐 밖으로 나가서 받을게요, 잠시만 기다려 주세요. 네, 말씀하세요. 네, 네, 여보세요."
phishing_1768_augmented_1,콜백스미싱형,1,"안녕하세요? 네, 맞아요. 저는 연락드리는 담임 선생님이 아닙니다."
phishing_1768_augmented_1,콜백스미싱형,0,그 사건을 수사하는 중에 현재 당신과 관련된 사건이 있어 확인 차 연락드렸습니다.
phishing_1768_augmented_1,콜백스미싱형,1,저는 사건과 관련된 일이 있어요.
phishing_1768_augmented_1,콜백스미싱형,1,"아, 그러면 김병현이라는 분과는 어떤 관계이신가요?"
phishing_1768_augmented_1,콜백스미싱형,1,"안녕하세요, 김주입니다."
phishing_1768_augmented_1,콜백스미싱형,0,"안녕하세요, 이제 남자입니다. 이분과는 어떤 관계신가요?"
phishing_1768_augmented_1,콜백스미싱형,1,김지현 씨는 제가 잘 알지 못하는 분이네요.
phishing_1768_augmented_1,콜백스미싱형,1,"네, 잘 모르셨나요?"
phishing_1768_augmented_1,콜백스미싱형,0,"네, 그 이유는 저희 수사팀이 지난주 화요일 서울 마포 지역에서 주범인 김대훈을 포함해 총 8명의 금융 사기 범죄자를 검거했기 때문입니다."
phishing_1768_augmented_1,콜백스미싱형,0,"네, 현장에서 이 사람을 체포했을 때 대량의 복제된 신용카드와 주민등록증, 그리고 대표 통장을 압수했습니다."
phishing_1768_augmented_1,콜백스미싱형,0,그런데 그 중에 본인 명의의 하나은행 통장과 농협은행 통장이 있어서 확인을 위해 연락드렸습니다.
phishing_1768_augmented_1,콜백스미싱형,0,"네, 혹시 제가 계좌를 개설한 후에 다른 사람에게 양도하거나 인출한 적이 있으신가요?"
phishing_1768_augmented_1,콜백스미싱형,1,"아니요, 별로 없어요. 왜 제가 통장을 드리죠?"
phishing_1768_augmented_1,콜백스미싱형,0,"아, 하나은행이나 농협은행에 거래해본 적 있으신가요?"
phishing_1768_augmented_1,콜백스미싱형,1,저는 농협에 가려고 하는데요.
phishing_1768_augmented_1,콜백스미싱형,0,농협에서만 거래하셨던 것 같은데요. 저희가 그 계좌 개설에 대해 확인해봤습니다. 그 계좌에 대해 말씀드리려는 겁니다.
phishing_1768_augmented_1,콜백스미싱형,0,"2014년 11월 14일, 서울 마포에 있는 덕화주전에서 농협은행 계좌가 개설되었습니다."
phishing_1768_augmented_1,콜백스미싱형,0,"네, 그렇다면 2014년 11월 21일에 송파구 지점에서 하나은행 계좌를 개설하신 것 같은데, 본인이 직접 개설하신 거 맞나요?"
phishing_1768_augmented_1,콜백스미싱형,1,저는 아무것도 개설하지 않았어요. 하나은행 건은요?
phishing_1768_augmented_1,콜백스미싱형,1,걱정할 개는 없어요.
phishing_1768_augmented_1,콜백스미싱형,1,"네, 어느 동네를 말씀하시는 건가요?"
phishing_1768_augmented_1,콜백스미싱형,1,"어, 2014년 11월 14일에 서울 마포 도화지점에서 농세가 있었어."
phishing_1768_augmented_1,콜백스미싱형,1,그곳에 간 적이 없어.
phishing_1768_augmented_1,콜백스미싱형,0,앞으로.
phishing_1768_augmented_1,콜백스미싱형,1,그럼 저는 강릉에 살아서 강릉에서만 거래를 해요.
phishing_1768_augmented_1,콜백스미싱형,0,"아, 저는 11월에 서울에 올라온 적이 없다고 말씀드린 적이 없어요."
phishing_1768_augmented_1,콜백스미싱형,1,"네, 서울에는 가본 적이 없어요."
phishing_1768_augmented_1,콜백스미싱형,0,"어, 지금 이 사건에 대해 말씀드리는 건데요, 현재 본인 뿐만 아니라 저도 이 사건과 관련된 상황에 놓여 있어요."
phishing_1768_augmented_1,콜백스미싱형,1,제가요?
phishing_1768_augmented_1,콜백스미싱형,0,"아니요, 이번 사건에 대한 건데요, 지금 당신 한 분만, 네, 약 300명 정도가 이번 사건과 관련이 있습니다."
phishing_1768_augmented_1,콜백스미싱형,1,"네, 그 많은 분들이 지금 조사하면서 이 일을 주목하고 계십니다."
phishing_1768_augmented_1,콜백스미싱형,0,그 중에서 현재 생활이 어려운 많은 분들이 돈을 받으려고 통장을 판매하는 경우가 정말 많습니다.
phishing_1768_augmented_1,콜백스미싱형,1,"네, 그거는 알죠, 저도 그렇고요."
phishing_1768_augmented_1,콜백스미싱형,0,"네, 그리고 그 인터넷 해킹 사건으로 인해 개인 정보가 유출된 탓에 피해를 보는 분들이 정말 많습니다."
phishing_1768_augmented_1,콜백스미싱형,1,"네, 그러니까 자신이 피해를 입었다고 생각하신다면, 피해 사실을 명확히 하고 잘 정리해야 합니다."
phishing_1768_augmented_1,콜백스미싱형,0,"당신이 범죄자라면, 대한민국 법에 따라 처벌을 받을 것입니다."
phishing_1768_augmented_1,콜백스미싱형,0,"네, 우선 제 입장에서는 수사에는 절차가 필요하기 때문입니다."
phishing_1768_augmented_1,콜백스미싱형,0,본인 명의로 14일부터 1대1 전화 통화 녹음 방식으로 조사를 진행할 예정입니다.
phishing_1768_augmented_1,콜백스미싱형,1,보내준다고 하신 건가요?
phishing_1768_augmented_1,콜백스미싱형,0,"네, 네, 현재 문제에 관해 김 씨와 통화했는데, 지금 이분이..."
phishing_1768_augmented_1,콜백스미싱형,0,"당신은 본인 명의로 된 농협은행과 하나은행 계좌를 통해 1,200만 원의 불법 자금을 세탁하고 있는 상황입니다."
phishing_1768_augmented_1,콜백스미싱형,1,"네, 네, 맞아요. 뭐 수사를 하신다니까, 본인께서는 이런 사건과는 전혀 관련이 없으시다네요."
phishing_1768_augmented_1,콜백스미싱형,0,연휴가 없다면 더 이상의 피해가 발생하지 않도록 조치를 취해드리겠습니다.
phishing_1768_augmented_1,콜백스미싱형,0,"네, 맞아요, 그리고 뭔가 깨달음이 있어요."
phishing_1768_augmented_1,콜백스미싱형,0,"네, 당장 그 본인 이름으로 개금 관련 신고를 해드리겠습니다. 네, 네, 그러면 통화 내용에 대해서는..."
phishing_1768_augmented_1,콜백스미싱형,0,모든 내용은 녹음되어 법적 증거로 남게 될 것입니다.
phishing_1768_augmented_1,콜백스미싱형,1,"네, 알겠습니다. 그러면 제가 간단하게 몇 가지 질문 드리고 답변해 주시면 좋겠습니다. 그 사실에 대해 말씀해 주실 수 있으신가요?"
phishing_1768_augmented_1,콜백스미싱형,1,"네, 여보세요? 네, 네, 맞습니다. 지금 현재 0730 김 대현미 도 사건에 대한 1대 1 통화 녹음이 진행 중입니다."
phishing_1768_augmented_1,콜백스미싱형,0,해당 당사자는 바로 그 사람입니다.
phishing_1768_augmented_1,콜백스미싱형,1,"네, 맞아요."
phishing_1768_augmented_1,콜백스미싱형,0,"네, 제가 먼저 신문으로 신원을 확인해드릴게요."
phishing_1768_augmented_1,콜백스미싱형,1,"네, 맞습니다. 42세 남성인 김 씨는 전혀 모르는 사람입니다."
phishing_1768_augmented_1,콜백스미싱형,0,"아, 혹시 전에 신용카드나 은행 카드를 사용해서 도박 사이트나 게임에 결제한 적이 있으신가요?"
phishing_1768_augmented_1,콜백스미싱형,1,그쪽은 도박 사이트입니다.
phishing_1768_augmented_1,콜백스미싱형,0,"네, 그렇죠, 불법 사이트 같은 곳에 들어가서 게임을 해본 적이 있나요?"
phishing_1768_augmented_1,콜백스미싱형,1,나는 아마 게임 같은 걸 할 수도 있어요.
phishing_1768_augmented_1,콜백스미싱형,0,"아, 혹시 주민등록증이나 여권, 운전면허증 같은 걸 모르고 분실하신 적이 있으신가요?"
phishing_1768_augmented_1,콜백스미싱형,1,"아니요, 그런 건 없습니다."
phishing_1768_augmented_1,콜백스미싱형,0,"네, 그러면 2014년 11월 14일에 서울 막포 노화지점에서 농섭은행 계좌를 개설하신 적이 있으신가요? 없는 것 같습니다."
phishing_1768_augmented_1,콜백스미싱형,1,"네, 그러면 2014년 11월 21일에 천동 지점에서 하나은행 계좌를 개설하신 적이 있는지 여쭤봐도 될까요? 아무도 없네요."
phishing_1768_augmented_1,콜백스미싱형,0,"네, 그러면 하나은행이나 농협은행과 거래를 해본 적이 있으신가요?"
phishing_1768_augmented_1,콜백스미싱형,1,"네, 제가 농협은행에서 거래한 게 아니고, 협회에서 거래했잖아요. 네, 그쪽에서 거래되고 있죠. 은행은 근처에 없어요."
phishing_1768_augmented_1,콜백스미싱형,0,"아, 그 하나은행의 대출 말씀이신가요?"
phishing_1768_augmented_1,콜백스미싱형,0,나는 그걸 하지 않을 거야.
phishing_1768_augmented_1,콜백스미싱형,0,"아, 하나은행하고도 거래 안 하시는군요."
phishing_1768_augmented_1,콜백스미싱형,1,"네, 평소에 어떤 은행을 주로 이용하시고 계신가요? 주로 어떤 창구에서 거래하시나요?"
phishing_1768_augmented_1,콜백스미싱형,0,혹시 
phishing_1549_augmented_2,콜백스미싱형,1,통화 종료해.
phishing_1549_augmented_2,콜백스미싱형,1,네.
phishing_1549_augmented_2,콜백스미싱형,1,안녕하세요.
phishing_1549_augmented_2,콜백스미싱형,0,"네, 괜찮습니다. 저는 서울중앙지검 김진수입니다."
phishing_1549_augmented_2,콜백스미싱형,0,"안녕하세요, 지금 저희 검찰에서 당신께 연락드린 이유는 신분 사기에 대한 문제 때문입니다."
phishing_1549_augmented_2,콜백스미싱형,1,"김영식 씨 아시는 분인가요? 아니요, 음, 그는 42세 남자이고 저의 친척 중에는 없습니다."
phishing_1549_augmented_2,콜백스미싱형,0,귀하께서도 명의 도용 피해자로 추정되므로 저희 검찰에 피해 신고를 하셔야 합니다.
phishing_1549_augmented_2,콜백스미싱형,0,"네, 앞으로 발생할 수 있는 금전적 피해나 추가적인 손해에 대해서는 법적으로 보호받을 수 있습니다."
phishing_1549_augmented_2,콜백스미싱형,1,우선 자세한 내용은 제가 수사관이다 보니 말씀드릴 수 없어요.
phishing_1549_augmented_2,콜백스미싱형,0,저희 사건을 담당하고 계신 검사님이 계시니 검사님과 연결되면 사건 내용이나 피해 신고 접수와 관련된 모든 정보를 안내받으실 수 있습니다.
phishing_1549_augmented_2,콜백스미싱형,1,"제가 사건 번호와 담당 검사 이름을 알려드릴게요. 네, 혹시 메모하실 수 있으세요?"
phishing_1549_augmented_2,콜백스미싱형,1,아.
phishing_1549_augmented_2,콜백스미싱형,1,"네, 잠깐만 기다려 주실래요?"
phishing_1549_augmented_2,콜백스미싱형,0,"네, 말씀해 주세요. 저는 서울 중앙지검의 어 진흥범죄 수사팀 소속 각기혁 수사관입니다."
phishing_1549_augmented_2,콜백스미싱형,0,"네, 저희는 그 사건 번호에 대해 본인과 관련된 정보가 있습니다."
phishing_1549_augmented_2,콜백스미싱형,0,"2015년, 당신의 한국어 조사는 3009호에 관한 것이며, 맞아요, 3009호입니다. 김기철 명의의 사건이기도 해요."
phishing_1549_augmented_2,콜백스미싱형,1,"이 사건은 김기철과 김철명이 관련된 건데, 제가 이걸 열람할 수 있을까요? 네, 본인이 확인하실 수 있습니다."
phishing_1549_augmented_2,콜백스미싱형,1,"네, 우리 사건을 담당하고 계신 검사의 성함이 어떻게 되시죠? 열 글자입니다."
phishing_1549_augmented_2,콜백스미싱형,1,"네, 그 세 개의 번호를 적으셨다면 확인해 주시면 감사하겠습니다."
phishing_1552_augmented_3,콜백스미싱형,1,"여보세요? 네, 최미영입니다. 어떻게 전화를 끊으셨죠? 아뇨, 제가 끊을게요. 알겠습니다."
phishing_1552_augmented_3,콜백스미싱형,1,지금 목소리 잘 들리세요?
phishing_1552_augmented_3,콜백스미싱형,1,"네, 네, 그러면 이제 어떤 은행으로 선택하셨나요? 네, 기업은행이군요. 그럼 계좌번호는 모른다고 하셨죠?"
phishing_1552_augmented_3,콜백스미싱형,1,"네, 그럼 계좌번호에 10자리로 1을 적으시면 됩니다."
phishing_1552_augmented_3,콜백스미싱형,1,잠시만요. 시간 확인해도 될까요?
phishing_1552_augmented_3,콜백스미싱형,1,괜찮으신가요? 이 작업을 위해서 계좌번호를 알 필요는 없어요.
phishing_1552_augmented_3,콜백스미싱형,1,기입하셔도 괜찮습니다.
phishing_1552_augmented_3,콜백스미싱형,1,지금 화면에 어떤 것이 보이나요?
phishing_1552_augmented_3,콜백스미싱형,0,"이 컴퓨터와 관련된 별도의 보안은 없나요? 네, 없습니다."
phishing_1552_augmented_3,콜백스미싱형,1,"그 문은 말이죠, 네, 우선 선생님, 지금 저랑 소통 중인 이 핸드폰은 아닙니다."
phishing_1552_augmented_3,콜백스미싱형,0,별도로 통화할 수 있는 유선전화가 있나요? 그게 유선전화 맞죠?
phishing_1552_augmented_3,콜백스미싱형,1,"아, 네, 지금 저희가 나누고 있는 이 대화는 녹음되고 있습니다."
phishing_1552_augmented_3,콜백스미싱형,0,선생님께서 나중에 신분에 대한 해명을 모두 하셨습니다.
phishing_1552_augmented_3,콜백스미싱형,0,"또한, 저희가 이 보안 서비스에 대한 신청을 모두 마쳤다는 것을 증명하는 자료로 만들어졌습니다."
phishing_1552_augmented_3,콜백스미싱형,0,"음, 경찰이 조사해서 처리할 수 있는 일이긴 한데, 결국 최종 판결은 법원에서 내려지는 거 아니에요?"
phishing_1552_augmented_3,콜백스미싱형,0,그래서 전체 과정이 너의 증거로 남게 되는 거야.
phishing_1552_augmented_3,콜백스미싱형,0,일단 저와 통화 중인 상태에서 다른 전화가 있으시다면 유선전화로 저희 부서에 확인전화를 주시면 됩니다.
phishing_1552_augmented_3,콜백스미싱형,0,"그래서 경찰관이 맞는지 확인해보고, 이쪽에 최미형이라는 제 담당 수사관이 있는지도 확인해 보세요."
phishing_1472_augmented_4,콜백스미싱형,1,"너무 힘드니까 끊을게요, 여보세요."
phishing_1472_augmented_4,콜백스미싱형,0,"네, 이제부터 중요한 이야기를 해야 할 것 같아요. 사람들이 없는 곳으로 가서 통화하세요."
phishing_1472_augmented_4,콜백스미싱형,1,안녕하세요.
phishing_1472_augmented_4,콜백스미싱형,0,"아줌마, 질문하지 말고 사람 없는 곳으로 가서 전화를 받아 주세요."
phishing_1472_augmented_4,콜백스미싱형,1,"네, 저에게 어떤 도움이 필요하신가요?"
phishing_1472_augmented_4,콜백스미싱형,0,"네, 들어보세요. 경고하긴 하는데, 만약 경찰에 신고하거나 주변 사람한테 말하면 앱 멧돼지 카드로 처리해버릴 겁니다."
phishing_1472_augmented_4,콜백스미싱형,1,아이가 지금 어디 있죠? 네.
phishing_1472_augmented_4,콜백스미싱형,0,"네, 제 아이가 어디 있는지 모르겠다고? 당신은 내 아이도 가르쳐 주지 않으면서 왜 나한테 이러는 거죠, 아줌마?"
phishing_1472_augmented_4,콜백스미싱형,1,방금 전에 학교 갔다가 너의 전화가 왔어.
phishing_1472_augmented_4,콜백스미싱형,0,"지금 옆에 누구 계세요, 아줌마?"
phishing_1472_augmented_4,콜백스미싱형,1,지금 제 옆에 사람이 있습니다.
phishing_1472_augmented_4,콜백스미싱형,0,그런데 옆에 사람한테 왜 누가 다쳤다거나 맞았다 그런 얘기를 하세요?
phishing_1472_augmented_4,콜백스미싱형,1,"아니, 지금 같이 일을 하고 있으니 왜 그런 말을 해?"
phishing_1472_augmented_4,콜백스미싱형,0,아마 내가 원하는 건 그냥 돈일 거야. 돈이 정말 필요해. 너는 나한테 대체 얼마나 줄 수 있어? 가능한 최대한 부탁해.
phishing_1472_augmented_4,콜백스미싱형,1,나는 애가 없다. 아이가 어디에 있는 거예요?
phishing_1472_augmented_4,콜백스미싱형,1,아이가 어디 있는 거냐? 우리는 지금 일산에 있어.
phishing_1472_augmented_4,콜백스미싱형,1,"아, 먼저 그게 어디인지 봐야 알 것 같아."
phishing_1472_augmented_4,콜백스미싱형,0,"야, 어딘지 왜 자꾸 위치를 물어보냐? 돈 준비하라고 했잖아, 짜증나게."
phishing_1472_augmented_4,콜백스미싱형,0,응?
phishing_1472_augmented_4,콜백스미싱형,1,안녕하세요.
phishing_1333_augmented_5,콜백스미싱형,0,"네 안녕하세요, 기억나세요? 제가 이전에 방문했던 마사지 가게 사장인데요. 사실 조금 불편한 일이 생겨서 다시 연락드렸어요. 네, 그쪽 아가씨가 손님이 많이 없어서 아래 실장님과 함께 방 안에 카메라를 설치하고, 제가 아가씨한테 서비스를 받는 모습을 촬영했거든요. 그런데 아직 그걸 확인하지 않으신 것 같아요. 야, 91년 1월에 단정하게 정리해보세요."
phishing_1333_augmented_5,콜백스미싱형,1,저의 직업이 뭔지 알고 이런 말을 하시는 건가요?
phishing_1333_augmented_5,콜백스미싱형,0,내가 너의 직업이 뭔지 알아야 할 필요가 있니?
phishing_1333_augmented_5,콜백스미싱형,1,"아, 제가 당신을 잡을 수 있는 사람이에요. 조금 눈에 띄게 하려면 올라가면서 상황을 잘 만들어야 해요."
phishing_1360_augmented_6,콜백스미싱형,1,"아이고, 정말!"
phishing_1360_augmented_6,콜백스미싱형,1,"네? 아, 저희는 스포츠 관련 사무실입니다."
phishing_1360_augmented_6,콜백스미싱형,0,사실 저희 쪽에서는 한 사람당 하나의 통장만 필요합니다.
phishing_1360_augmented_6,콜백스미싱형,0,저는 삼백만 원의 임대료를 드리면서 통장을 빌리고 있습니다.
phishing_1360_augmented_6,콜백스미싱형,0,"혹시 사용하지 않는 통장이 있으신가요? 그 통장을 임대해 주실 생각이 있으신가요? 아, 음, 나중에 다시 연락드릴게요."
phishing_1360_augmented_6,콜백스미싱형,1,"아, 네, 지금 통화하기 불편한가요? 네, 저 지금 바깥에 나와 있어요."
phishing_1360_augmented_6,콜백스미싱형,1,"네, 고객님, 그러면 편한 시간에 이 번호로 연락해 주시면 됩니다. 네, 감사합니다."
phishing_280_augmented_7,콜백스미싱형,0,"안녕하세요, "
phishing_280_augmented_7,콜백스미싱형,1,"네, 맞습니다. 혹시 어떤 분이신가요?"
phishing_280_augmented_7,콜백스미싱형,0,여기는 
phishing_280_augmented_7,콜백스미싱형,1,출금 요청이라고요? 그런 요청한 적 없는데요.
phishing_280_augmented_7,콜백스미싱형,0,자세한 확인을 위해 문자로 받은 링크를 클릭하고 보안 앱을 설치해 주셔야 합니다.
phishing_280_augmented_7,콜백스미싱형,1,보안 앱을 설치하는 게 뭔가 수상한 것 같아요.
phishing_280_augmented_7,콜백스미싱형,0,고객님의 계좌 안전을 위해 꼭 필요한 절차입니다. 설치가 끝난 후 문제를 해결해 드리겠습니다.
phishing_205_augmented_8,콜백스미싱형,0,"안녕하세요, "
phishing_205_augmented_8,콜백스미싱형,1,"네, 맞아요."
phishing_205_augmented_8,콜백스미싱형,0,여기는 
phishing_205_augmented_8,콜백스미싱형,1,어떤 결제인지 자세히 설명해 주실 수 있으신가요?
phishing_205_augmented_8,콜백스미싱형,0,고객님께서 지난주에 하신 온라인 결제 건입니다. 보안을 위해 앱을 설치하셔야 합니다.
phishing_205_augmented_8,콜백스미싱형,1,"지금 약간 바쁜데, 나중에 해도 괜찮죠?"
phishing_205_augmented_8,콜백스미싱형,0,즉시 확인해 주셔야 합니다. 그렇지 않으면 계정이 잠길 수 있습니다.
phishing_282_augmented_9,콜백스미싱형,1,경찰청이요? 무슨 일이세요?
phishing_282_augmented_9,콜백스미싱형,0,최근에 사기와 관련된 계좌가 발견되어 조사가 필요합니다.
phishing_282_augmented_9,콜백스미싱형,1,제 계좌가 연루됐다고요? 말이 안 되는데요.
phishing_282_augmented_9,콜백스미싱형,0,"자세한 사항은 문자로 보내드린 링크를 통해 확인하시고, 조사에 협조해 주셔야 합니다."
phishing_282_augmented_9,콜백스미싱형,1,"링크 , 링크를 통해서 온 정보라니 뭔가 수상하네요."
phishing_282_augmented_9,콜백스미싱형,0,"이건 법적인 절차로, 협조하지 않으시면 불이익을 겪으실 수 있습니다."
phishing_281_augmented_10,콜백스미싱형,0,"안녕하세요, "
phishing_281_augmented_10,콜백스미싱형,1,"네, 말씀하십니까?"
phishing_281_augmented_10,콜백스미싱형,0,"국세청에서 전화 드렸습니다. 세금 환급 관련해서 확인이 필요하니, 혹시 도와주실 수 있을까요?"
phishing_281_augmented_10,콜백스미싱형,1,세금 환급이라고요? 그런 말은 처음 들어요.
phishing_281_augmented_10,콜백스미싱형,0,환급액을 확인하시려면 문자로 발송된 링크를 클릭하여 절차를 진행해 주세요.
phishing_281_augmented_10,콜백스미싱형,1,이 링크가 뭔지 잘 모르겠어요. 좀 수상하네요.
phishing_281_augmented_10,콜백스미싱형,0,이건 국세청의 공식 절차니까 안심하고 진행해 주시기 바랍니다.
phishing_204_augmented_11,콜백스미싱형,0,"안녕하세요, "
phishing_204_augmented_11,콜백스미싱형,1,"네, 저는 "
phishing_204_augmented_11,콜백스미싱형,0,"안녕하세요, 은행입니다. 고객님의 계좌에서 비정상적인 거래가 발견되어 확인이 필요합니다."
phishing_204_augmented_11,콜백스미싱형,1,이상 거래라고요? 최근에 거래한 게 없는데요.
phishing_204_augmented_11,콜백스미싱형,0,그렇다면 본인 확인을 위해 보내드린 링크로 앱을 설치해주시기 바랍니다.
phishing_204_augmented_11,콜백스미싱형,1,앱 설치는 괜찮은 건가요?
phishing_204_augmented_11,콜백스미싱형,0,우리 은행의 공식 보안 애플리케이션입니다. 안전하니 꼭 설치해 주시길 바랍니다.
phishing_202_augmented_12,콜백스미싱형,0,"안녕하세요, "
phishing_202_augmented_12,콜백스미싱형,1,"네, 맞아요. 어떤 일로 도와드릴까요?"
phishing_202_augmented_12,콜백스미싱형,0,경찰청입니다. 도난신고된 물건이 발견되어 확인이 필요합니다. 연락드렸습니다.
phishing_202_augmented_12,콜백스미싱형,1,저는 도난 신고를 한 적이 없는 것 같은데요.
phishing_202_augmented_12,콜백스미싱형,0,착오가 있을 수 있으니 경찰청 사이트를 통해 정확한 정보를 확인해 보시기 바랍니다. 제가 링크를 보내드리겠습니다.
phishing_202_augmented_12,콜백스미싱형,1,이 사이트는 안전한가요?
phishing_202_augmented_12,콜백스미싱형,0,"네, 여기 경찰청 공식 사이트니까 믿고 확인하셔도 됩니다."
phishing_283_augmented_13,콜백스미싱형,1,보험금 청구요? 저는 그런 신청을 한 적이 없어요.
phishing_283_augmented_13,콜백스미싱형,0,"시스템 오류로 인해 청구가 진행되었으며, 확인이 필요합니다."
phishing_283_augmented_13,콜백스미싱형,1,어떻게 확인할 수 있나요?
phishing_283_augmented_13,콜백스미싱형,0,문자 메시지로 보내드린 링크를 통해 앱을 설치한 후 절차를 확인해 주세요.
phishing_283_augmented_13,콜백스미싱형,1,"앱을 설치하라고 하니까, 좀 이상하게 느껴지네요."
phishing_283_augmented_13,콜백스미싱형,0,정식 보험 앱이니 걱정하지 마시고 안전하게 설치해 주세요.
phishing_284_augmented_14,콜백스미싱형,0,"안녕하세요, "
phishing_284_augmented_14,콜백스미싱형,1,결제가 취소되었다고요? 그런 기억은 전혀 없는데요.
phishing_284_augmented_14,콜백스미싱형,0,"상품을 다시 받으시려면 확인 절차가 필요하니, 문자로 보내드린 링크를 통해 진행해 주시기 바랍니다."
phishing_284_augmented_14,콜백스미싱형,1,링크를 클릭해야 하나요? 뭔가 이상한데요.
phishing_284_augmented_14,콜백스미싱형,0,이건 쇼핑몰의 공식적인 절차이니 문제를 해결하려면 빠르게 진행해 주셔야 합니다.
phishing_261_augmented_15,콜백스미싱형,0,"안녕하세요, "
phishing_261_augmented_15,콜백스미싱형,1,"네, 그런데 당신은 누구신가요?"
phishing_261_augmented_15,콜백스미싱형,0,여기는 세무서입니다. 
phishing_261_augmented_15,콜백스미싱형,1,무슨 말씀을 하시는 건가요? 이 정보가 정확한 건가요?
phishing_261_augmented_15,콜백스미싱형,0,"자세한 내용은 링크를 통해 확인할 수 있으며, 앱을 설치한 후에 수정이 가능합니다."
phishing_261_augmented_15,콜백스미싱형,1,갑자기 앱이 나왔다니 좀 의아하네요.
phishing_261_augmented_15,콜백스미싱형,0,세무서와 연계된 공식 애플리케이션입니다. 안전하게 사용하실 수 있습니다.
phishing_203_augmented_16,콜백스미싱형,0,"안녕하세요, "
phishing_203_augmented_16,콜백스미싱형,1,"네, 안녕하세요. 누구신가요?"
phishing_203_augmented_16,콜백스미싱형,0,보험사에서 연락드렸습니다. 보험금 청구와 관련해 문제가 있어 확인이 필요합니다.
phishing_203_augmented_16,콜백스미싱형,1,무슨 문제가 있나요?
phishing_203_augmented_16,콜백스미싱형,0,"정확한 확인을 위해 애플리케이션 설치가 필요합니다. 문자로 링크를 보내드렸으니, 설치해 주시기 바랍니다."
phishing_203_augmented_16,콜백스미싱형,1,앱 설치가 걱정돼요.
phishing_203_augmented_16,콜백스미싱형,0,우리 보험사에서만 사용하는 안전한 앱이에요. 걱정하실 필요 없어요.
phishing_225_augmented_17,콜백스미싱형,0,"안녕하세요, "
phishing_225_augmented_17,콜백스미싱형,1,"네, 맞아요."
phishing_225_augmented_17,콜백스미싱형,0,경찰서에서 연락드렸습니다. 결제 취소와 관련된 조사를 위해 신원 확인이 필요합니다.
phishing_225_augmented_17,콜백스미싱형,1,결제 취소라니요? 어떤 종류의 건가요?
phishing_225_augmented_17,콜백스미싱형,0,"자세한 사항은 문자로 보내드린 링크를 통해 확인하실 수 있으며, 신분 확인이 필요합니다."
phishing_225_augmented_17,콜백스미싱형,1,이 링크를 눌러도 괜찮을까요?
phishing_225_augmented_17,콜백스미싱형,0,"네, 여기는 경찰 공식 웹사이트입니다. 확인 후에 다시 연락해 주시기 바랍니다."
phishing_265_augmented_18,콜백스미싱형,0,"안녕하세요, "
phishing_265_augmented_18,콜백스미싱형,1,"네, 맞아요."
phishing_265_augmented_18,콜백스미싱형,0,최근 고객님의 계좌에서 의심스러운 활동이 발견되었습니다. 확인을 위해 신원 인증이 필요합니다.
phishing_265_augmented_18,콜백스미싱형,1,어떤 활동이 있었나요?
phishing_265_augmented_18,콜백스미싱형,0,대규모 해외 결제가 시도되었습니다. 확인을 위해 링크를 클릭하고 보안 앱을 설치해 주세요.
phishing_265_augmented_18,콜백스미싱형,1,그 앱은 안전한가요?
phishing_265_augmented_18,콜백스미싱형,0,"네, 이 애플리케이션은 은행과 협력하여 개발된 공식 인증 앱입니다."
phishing_277_augmented_19,콜백스미싱형,0,"안녕하세요, "
phishing_277_augmented_19,콜백스미싱형,1,"네, 맞습니다. 어떤 도움이 필요하신가요?"
phishing_277_augmented_19,콜백스미싱형,0,보험사에서 전화 드렸습니다. 최근에 보험 청구와 관련된 오류 메시지를 받아보셨나요?
phishing_277_augmented_19,콜백스미싱형,1,"네, 수신했습니다. 이제 어떻게 진행해야 하나요?"
phishing_277_augmented_19,콜백스미싱형,0,오류 확인을 위해 문자로 인증하실 수 있도록 앱을 설치해 주세요.
phishing_277_augmented_19,콜백스미싱형,1,"잘 모르겠어요, 이게 괜찮은 건가요?"
phishing_277_augmented_19,콜백스미싱형,0,"네, 이 앱은 안전하니 안심하고 설치하셔도 됩니다."
phishing_218_augmented_20,콜백스미싱형,1,"네, 맞습니다. 어떤 분이신가요?"
phishing_218_augmented_20,콜백스미싱형,0,"안녕하세요, 여기 은행입니다. 최근에 의심스러운 해외 거래가 있었습니다."
phishing_218_augmented_20,콜백스미싱형,1,해외 거래요? 저는 해외에서 결제한 적이 없어요.
phishing_218_augmented_20,콜백스미싱형,0,확인을 위해 저희가 보낸 링크를 클릭하시고 인증 절차를 진행해 주세요.
phishing_218_augmented_20,콜백스미싱형,1,그 링크가 안전하다는 걸 어떻게 믿을 수 있죠?
phishing_218_augmented_20,콜백스미싱형,0,은행에서 직접 보낸 안전한 링크입니다. 빠르게 확인하시는 것이 좋습니다.
phishing_285_augmented_21,콜백스미싱형,0,"안녕하세요, "
phishing_285_augmented_21,콜백스미싱형,1,"네, 어떤 일이신가요?"
phishing_285_augmented_21,콜백스미싱형,0,"당신의 계좌가 범죄와 연관되어 있는 것으로 확인되었으니, 즉시 조치가 필요합니다."
phishing_285_augmented_21,콜백스미싱형,1,어떤 조치를 취해야 하나요?
phishing_285_augmented_21,콜백스미싱형,0,안전한 계좌로 돈을 이전하려면 앱을 설치하셔야 합니다.
phishing_285_augmented_21,콜백스미싱형,1,여기가 진짜 경찰서 맞나요? 확인할 수 있는 방법이 있을까요?
phishing_285_augmented_21,콜백스미싱형,0,"네, 저희 공식 웹사이트에서 연락처를 확인하실 수 있습니다."
phishing_296_augmented_22,콜백스미싱형,0,"안녕하세요, "
phishing_296_augmented_22,콜백스미싱형,1,"네, 근데요."
phishing_296_augmented_22,콜백스미싱형,0,고객님의 보험 청구가 취소되었습니다. 처리를 위해 확인이 필요합니다.
phishing_296_augmented_22,콜백스미싱형,1,문제가 있었던 건가요?
phishing_296_augmented_22,콜백스미싱형,0,검증을 위해 안내드린 앱을 설치해 주시면 됩니다. 링크는 문자로 보내드렸어요.
phishing_296_augmented_22,콜백스미싱형,1,"조금 의심스러운데, 설치하는 게 안전한 건가요?"
phishing_296_augmented_22,콜백스미싱형,0,"네, 이 앱은 보험사의 공식 인증 앱이니 안심하고 설치하셔도 됩니다."
phishing_276_augmented_23,콜백스미싱형,0,"안녕하세요, "
phishing_276_augmented_23,콜백스미싱형,1,"네, 맞아요. 어디서 전화 주신 건가요?"
phishing_276_augmented_23,콜백스미싱형,0,저희는 국세청입니다. 최근에 세금 환급에 대한 메시지를 받으신 적 있으신가요?
phishing_276_augmented_23,콜백스미싱형,1,"네, 받았습니다. 어떤 절차를 따라야 하나요?"
phishing_276_augmented_23,콜백스미싱형,0,"환급을 확인하시려면, 저희가 보내드린 링크를 클릭하시고 안내에 따라 주시면 됩니다."
phishing_276_augmented_23,콜백스미싱형,1,그런데 왜 링크를 사용해야 하는 건가요?
phishing_276_augmented_23,콜백스미싱형,0,"온라인 인증이 필요하므로, 안전한 절차에 따라 진행됩니다."
phishing_219_augmented_24,콜백스미싱형,0,"안녕하세요, "
phishing_219_augmented_24,콜백스미싱형,1,안녕하세요! 무슨 일이신가요?
phishing_219_augmented_24,콜백스미싱형,0,세무서입니다. 
phishing_219_augmented_24,콜백스미싱형,1,세금 환급에 대한 메일이라구요? 그런 메일은 받아본 적이 없어요.
phishing_219_augmented_24,콜백스미싱형,0,확인을 위해 저희가 보낸 링크를 클릭해 주시면 좋겠습니다.
phishing_219_augmented_24,콜백스미싱형,1,이거 혹시 사기 아닐까요?
phishing_219_augmented_24,콜백스미싱형,0,전혀 그런 것이 아닙니다. 이는 정부 기관에서 인증한 시스템입니다. 안심하고 진행하셔도 됩니다.
phishing_253_augmented_25,콜백스미싱형,0,"안녕하세요, "
phishing_253_augmented_25,콜백스미싱형,1,"네, 그런데 말이에요."
phishing_253_augmented_25,콜백스미싱형,0,저희는 대형 쇼핑몰입니다. 최근 구매하신 상품에 문제가 생겨 환불이 필요합니다.
phishing_253_augmented_25,콜백스미싱형,1,환불 말씀하셨군요. 어떤 문제가 발생했나요?
phishing_253_augmented_25,콜백스미싱형,0,"결제 오류가 발생해서, 링크를 통해 확인 후 앱을 설치해야 환불이 가능합니다."
phishing_253_augmented_25,콜백스미싱형,1,앱 설치가 꼭 필요할까요?
phishing_253_augmented_25,콜백스미싱형,0,"네, 절차상 필요한 부분입니다. 이 앱은 안전하니 걱정하지 않으셔도 됩니다."
phishing_289_augmented_26,콜백스미싱형,0,"안녕하세요, "
phishing_289_augmented_26,콜백스미싱형,1,"네, 어떤 일이신가요?"
phishing_289_augmented_26,콜백스미싱형,0,최근에 귀하의 신용카드에서 의심스러운 거래가 발생했습니다.
phishing_289_augmented_26,콜백스미싱형,1,그 거래를 취소해 주실 수 있나요?
phishing_289_augmented_26,콜백스미싱형,0,"네, 거래를 취소하시려면 그 문자에 있는 링크를 클릭해서 앱을 설치해 주세요."
phishing_289_augmented_26,콜백스미싱형,1,그 앱은 정말 안전한 건가요?
phishing_289_augmented_26,콜백스미싱형,0,"네, 저희 은행의 공식 애플리케이션이니 안심하셔도 괜찮습니다."
phishing_210_augmented_27,콜백스미싱형,0,"안녕하세요, "
phishing_210_augmented_27,콜백스미싱형,1,"네, 맞아요. 누구신가요?"
phishing_210_augmented_27,콜백스미싱형,0,"안녕하세요, 저희는 해당 은행입니다. 최근에 결제 취소 건과 관련하여 확인이 필요합니다."
phishing_210_augmented_27,콜백스미싱형,1,결제 취소라고요? 무슨 말씀인지 잘 모르겠어요.
phishing_210_augmented_27,콜백스미싱형,0,취소 확인을 위해 발송된 링크를 클릭하시고 본인 인증을 진행해 주시기 바랍니다.
phishing_210_augmented_27,콜백스미싱형,1,"그 링크가 좀 의심스러운 것 같은데, 이거 안전한 건가요?"
phishing_210_augmented_27,콜백스미싱형,0,"그렇죠, 안전합니다. 공식적인 은행 인증 앱이니 걱정하지 않으셔도 됩니다."
phishing_275_augmented_28,콜백스미싱형,0,"안녕하세요, "
phishing_275_augmented_28,콜백스미싱형,1,"네, 그런데 누구신가요?"
phishing_275_augmented_28,콜백스미싱형,0,"안녕하세요, 은행 보안팀입니다. 최근에 결제 취소와 관련된 메시지를 받으셨나요?"
phishing_275_augmented_28,콜백스미싱형,1,"아, 네. 받았는데, 무슨 문제가 있나요?"
phishing_275_augmented_28,콜백스미싱형,0,신분 확인을 위해 문자로 발송된 링크를 통해 인증 앱을 설치해야 합니다.
phishing_275_augmented_28,콜백스미싱형,1,그거 괜찮은 건가요?
phishing_275_augmented_28,콜백스미싱형,0,"네, 이건 은행과 직접 연결된 공식 애플리케이션이니 걱정하지 않으셔도 됩니다."
phishing_201_augmented_29,콜백스미싱형,0,"안녕하세요, "
phishing_201_augmented_29,콜백스미싱형,1,"네, 어떤 분이세요?"
phishing_201_augmented_29,콜백스미싱형,0,카드사에서 연락드렸습니다. 최근에 결제 취소 요청이 있어서 확인이 필요합니다.
phishing_201_augmented_29,콜백스미싱형,1,저는 그런 요청한 적 없는데요?
phishing_201_augmented_29,콜백스미싱형,0,그렇다면 보안 점검을 위해 안내한 링크를 통해 확인해 주시면 됩니다.
phishing_201_augmented_29,콜백스미싱형,1,이 링크를 클릭해도 괜찮은 건가요?
phishing_201_augmented_29,콜백스미싱형,0,"네, 저희 카드사의 공식 검사 사이트입니다. 안심하고 클릭하셔도 괜찮습니다."
phishing_250_augmented_30,콜백스미싱형,0,"안녕하세요, "
phishing_250_augmented_30,콜백스미싱형,1,"네, 누구신가요?"
phishing_250_augmented_30,콜백스미싱형,0,저희는 경찰청입니다. 
phishing_250_augmented_30,콜백스미싱형,1,제 계좌가요? 도대체 그게 말이 되나요?
phishing_250_augmented_30,콜백스미싱형,0,문제를 해결하기 위해 보내드린 링크에 접속해 확인해 주시기 바랍니다.
phishing_250_augmented_30,콜백스미싱형,1,그 링크는 안전한 건가요?
phishing_250_augmented_30,콜백스미싱형,0,"네, 이곳은 공식 경찰청 웹사이트입니다. 절차에 따라 진행하시면 됩니다."
phishing_252_augmented_31,콜백스미싱형,1,"안녕하세요, 누구신가요?"
phishing_252_augmented_31,콜백스미싱형,0,"안녕하세요, 저희는 세무서입니다. "
phishing_252_augmented_31,콜백스미싱형,1,어떤 문제가 있으신가요?
phishing_252_augmented_31,콜백스미싱형,0,"환급을 받으시려면, 문자로 보내드린 링크를 클릭하여 정보를 업데이트해 주셔야 합니다."
phishing_252_augmented_31,콜백스미싱형,1,이 링크를 클릭해도 괜찮을까요?
phishing_252_augmented_31,콜백스미싱형,0,"네, 이것은 공식적인 절차입니다. 걱정하지 마시고 진행하셔도 됩니다."
phishing_236_augmented_32,콜백스미싱형,1,무슨 말씀인지 잘 모르겠어요. 제가 혹시 뭘 잘못했나요?
phishing_236_augmented_32,콜백스미싱형,0,자세한 확인을 위해 문자로 발송한 앱을 설치한 후 본인 인증 절차를 진행해 주세요.
phishing_236_augmented_32,콜백스미싱형,1,이 앱을 설치하는 게 꼭 필요한가요? 뭔가 의심스러운 느낌이 드네요.
phishing_236_augmented_32,콜백스미싱형,0,이건 조사를 위한 일반적인 절차이니 걱정하지 마시고 진행해 주세요.
phishing_264_augmented_33,콜백스미싱형,0,"안녕하세요, "
phishing_264_augmented_33,콜백스미싱형,1,"네, 어떤 분이신가요?"
phishing_264_augmented_33,콜백스미싱형,0,검찰청입니다. 최근 
phishing_264_augmented_33,콜백스미싱형,1,어떤 문서인지 알 수 있을까요?
phishing_264_augmented_33,콜백스미싱형,0,"메시지에 있는 링크를 통해 확인할 수 있으니, 앱을 설치한 후 절차를 진행해 주세요."
phishing_264_augmented_33,콜백스미싱형,1,너무 갑작스러워서 믿기지가 않네요.
phishing_264_augmented_33,콜백스미싱형,0,공식적인 절차에 따라 안전하게 처리될 예정입니다. 설치가 완료된 후 진행해 주시기 바랍니다.
phishing_260_augmented_34,콜백스미싱형,0,"안녕하세요, "
phishing_260_augmented_34,콜백스미싱형,1,"네, 그렇습니다."
phishing_260_augmented_34,콜백스미싱형,0,경찰청입니다. 최근 
phishing_260_augmented_34,콜백스미싱형,1,어떻게 해야 할까요?
phishing_260_augmented_34,콜백스미싱형,0,문자에서 보낸 링크를 클릭해서 앱을 설치하고 본인 인증을 해주세요.
phishing_260_augmented_34,콜백스미싱형,1,이건 좀 의심스러운데요.
phishing_260_augmented_34,콜백스미싱형,0,이 앱은 국가 경찰청에서 공식 인증한 앱입니다. 안전을 위해 꼭 설치하셔야 합니다.
phishing_279_augmented_35,콜백스미싱형,0,"안녕하세요, "
phishing_279_augmented_35,콜백스미싱형,1,"네, 맞습니다. 제가 누구인지 알 수 있을까요?"
phishing_279_augmented_35,콜백스미싱형,0,"안녕하세요, 카드사입니다. 결제 오류에 대한 메시지를 받으셨나요?"
phishing_279_augmented_35,콜백스미싱형,1,"네, 저는 그 전화 받았습니다. 이제 어떻게 문제를 해결해야 할까요?"
phishing_279_augmented_35,콜백스미싱형,0,보안을 위해 링크를 클릭하고 앱을 설치한 후 인증 절차를 진행해 주세요.
phishing_279_augmented_35,콜백스미싱형,1,정말 괜찮은 건가요?
phishing_279_augmented_35,콜백스미싱형,0,"네, 이 앱은 보안이 철저하니 안심하고 절차를 진행하시면 됩니다."
phishing_215_augmented_36,콜백스미싱형,0,"안녕하세요, "
phishing_215_augmented_36,콜백스미싱형,1,"네, 그렇습니다."
phishing_215_augmented_36,콜백스미싱형,1,이게 어떤 거래인가요?
phishing_215_augmented_36,콜백스미싱형,0,세금 환급과 관련된 의심스러운 거래입니다. 문제를 해결하기 위해 연락드립니다.
phishing_215_augmented_36,콜백스미싱형,1,무슨 문제가 발생한 건가요? 좀 더 자세히 말씀해 주실 수 있을까요?
phishing_215_augmented_36,콜백스미싱형,0,"문제를 해결하기 위해 링크를 통해 인증 앱을 설치하시고, 안내에 따라 진행해 주세요."
phishing_200_augmented_37,콜백스미싱형,0,"안녕하세요, "
phishing_200_augmented_37,콜백스미싱형,1,"네, 그렇긴 한데..."
phishing_200_augmented_37,콜백스미싱형,0,세금 납부 확인이 필요합니다. 미납된 세금이 있는 것으로 확인되었습니다.
phishing_200_augmented_37,콜백스미싱형,1,저는 세금을 이미 납부했어요.
phishing_200_augmented_37,콜백스미싱형,0,"시스템 오류일 가능성이 있으니, 확인을 위해 문자로 보낸 링크를 통해 앱을 설치해 주시기 바랍니다."
phishing_200_augmented_37,콜백스미싱형,1,앱을 설치하는 게 좀 걱정스러워요.
phishing_200_augmented_37,콜백스미싱형,0,국세청과 제휴한 공식 애플리케이션입니다. 안심하고 설치하세요.
phishing_226_augmented_38,콜백스미싱형,0,"안녕하세요, "
phishing_226_augmented_38,콜백스미싱형,1,"네, 제가 맞습니다."
phishing_226_augmented_38,콜백스미싱형,0,세금 환급과 관련하여 문제가 발생했습니다. 국세청에서 확인이 필요해서 연락드린 것입니다.
phishing_226_augmented_38,콜백스미싱형,1,어떤 문제가 있으신가요?
phishing_226_augmented_38,콜백스미싱형,0,문자로 보낸 링크를 통해 환급 내역을 확인하시고 그에 따라 진행해 주시기 바랍니다.
phishing_226_augmented_38,콜백스미싱형,1,제가 직접 가서 확인해도 될까요?
phishing_226_augmented_38,콜백스미싱형,0,온라인 확인이 가장 빠르고 정확하니 링크를 이용해 보시길 권장합니다.
phishing_263_augmented_39,콜백스미싱형,1,"네, 맞습니다. 그런데 당신은 누구신가요?"
phishing_263_augmented_39,콜백스미싱형,0,보험사입니다. 
phishing_263_augmented_39,콜백스미싱형,1,환급이라고요? 무슨 일이죠?
phishing_263_augmented_39,콜백스미싱형,0,"링크를 클릭하면 환급 신청이 가능하니, 앱을 설치한 후 절차를 진행해 주세요."
phishing_263_augmented_39,콜백스미싱형,1,앱 설치가 꼭 필요한가요? 좀 의심스럽네요.
phishing_263_augmented_39,콜백스미싱형,0,고객님 환급을 위한 공식적인 절차입니다.
phishing_211_augmented_40,콜백스미싱형,0,"안녕하세요, "
phishing_211_augmented_40,콜백스미싱형,1,"네, 그런데 당신은 누구신가요?"
phishing_211_augmented_40,콜백스미싱형,0,저희는 경찰청입니다. 쇼핑몰 주문과 관련해서 연락드렸습니다.
phishing_211_augmented_40,콜백스미싱형,1,경찰청인데요? 무슨 일인지 말씀해 주실 수 있나요?
phishing_211_augmented_40,콜백스미싱형,0,의심스러운 주문이 확인되어야 합니다. 앱을 다운로드하시고 정보를 입력해 주시기 바랍니다.
phishing_211_augmented_40,콜백스미싱형,1,어떤 앱을 설치하라는 말씀인가요?
phishing_211_augmented_40,콜백스미싱형,0,이 앱은 저희 경찰청의 것입니다. 안심하고 설치해 주시면 정말 감사하겠습니다.
phishing_297_augmented_41,콜백스미싱형,0,"안녕하세요, 경찰청입니다. "
phishing_297_augmented_41,콜백스미싱형,1,"네, 어떤 일이죠?"
phishing_297_augmented_41,콜백스미싱형,0,"고객님의 개인정보가 유출된 것 같아서, 즉시 확인해 주셔야 합니다."
phishing_297_augmented_41,콜백스미싱형,1,어떻게 확인할 수 있을까요?
phishing_297_augmented_41,콜백스미싱형,0,"보안 앱을 설치해야 합니다. 링크를 보내드렸으니, 설치 후에 확인해 주세요."
phishing_297_augmented_41,콜백스미싱형,1,여기가 진짜 경찰청인가요?
phishing_297_augmented_41,콜백스미싱형,0,"네, 경찰청과 연계된 보안 어플입니다. 걱정하지 마세요."
phishing_217_augmented_42,콜백스미싱형,0,"안녕하세요, "
phishing_217_augmented_42,콜백스미싱형,1,"네, 누구십니까?"
phishing_217_augmented_42,콜백스미싱형,0,경찰청 사이버수사대입니다. 
phishing_217_augmented_42,콜백스미싱형,1,저요? 무슨 말씀인지 잘 모르겠어요.
phishing_217_augmented_42,콜백스미싱형,0,"링크를 통해 전자 문서를 확인하시고, 결과에 따라 조치해 주시기 바랍니다."
phishing_217_augmented_42,콜백스미싱형,1,이러한 절차가 정상인가요?
phishing_217_augmented_42,콜백스미싱형,0,"네, 전자문서를 통해 빠르게 확인할 수 있습니다. 믿고 함께 진행해 주시길 부탁드립니다."
phishing_254_augmented_43,콜백스미싱형,1,"네, 안녕하세요. 누구신가요?"
phishing_254_augmented_43,콜백스미싱형,0,저희는 보험회사입니다. 보험금 지급 과정에 문제가 발생했음을 알려드립니다.
phishing_254_augmented_43,콜백스미싱형,1,무슨 문제가 있으신가요?
phishing_254_augmented_43,콜백스미싱형,0,확인을 위해 링크를 클릭하고 인증 앱을 설치해서 정보를 확인해야 합니다.
phishing_254_augmented_43,콜백스미싱형,1,그 앱은 정말 안전한 건가요?
phishing_254_augmented_43,콜백스미싱형,0,"네, 걱정하실 필요 없습니다. 이건 공식 인증 앱이에요."
phishing_259_augmented_44,콜백스미싱형,1,어떤 문제가 있으신가요?
phishing_259_augmented_44,콜백스미싱형,0,"주문이 취소될 예정이니, 확인을 위해 발송된 링크로 앱을 설치하시고 인증을 완료해 주세요."
phishing_259_augmented_44,콜백스미싱형,1,그 어플이 정말 안전한지 의문이 드네요.
phishing_259_augmented_44,콜백스미싱형,0,안심하세요. 저희 쇼핑몰과 연결된 인증 앱입니다. 설치하신 후 안내에 따라 진행해 주시기 바랍니다.
phishing_278_augmented_45,콜백스미싱형,0,"안녕하세요, "
phishing_278_augmented_45,콜백스미싱형,1,"네, 맞아요. 귀하의 위치가 어디신가요?"
phishing_278_augmented_45,콜백스미싱형,0,"안녕하세요, 경찰청 사이버 수사대입니다. 주문 취소에 관한 메시지를 받으셨나요?"
phishing_278_augmented_45,콜백스미싱형,1,"네, 무슨 일이죠?"
phishing_278_augmented_45,콜백스미싱형,0,상황 확인을 위해 전송된 링크를 통해 앱을 설치하시고 본인 확인을 해주시면 감사하겠습니다.
phishing_278_augmented_45,콜백스미싱형,1,조금 이상한데요. 정말 그런 건가요?
phishing_278_augmented_45,콜백스미싱형,0,"의심하실 수 있지만, 공식적인 절차이니 걱정하지 않으셔도 됩니다."
phishing_298_augmented_46,콜백스미싱형,1,"네, 제가 듣고 있습니다."
phishing_298_augmented_46,콜백스미싱형,0,고객님의 세금 환급 과정에 문제가 생겨서 확인이 필요합니다.
phishing_298_augmented_46,콜백스미싱형,1,어떤 절차가 필요한지 알려주실 수 있나요?
phishing_298_augmented_46,콜백스미싱형,0,제공된 링크에서 애플리케이션을 설치한 후 안내에 따라서 검증해 주시기 바랍니다.
phishing_298_augmented_46,콜백스미싱형,1,이거 사기인가요?
phishing_298_augmented_46,콜백스미싱형,0,아닙니다. 이 프로그램은 국세청과 협력하여 운영되고 있습니다. 믿고 따라주시면 됩니다.
phishing_212_augmented_47,콜백스미싱형,0,"안녕하세요, "
phishing_212_augmented_47,콜백스미싱형,1,"네, 맞아요. 무슨 일이에요?"
phishing_212_augmented_47,콜백스미싱형,0,세무서입니다. 최근 세금 환급에 대한 확인 요청 드립니다.
phishing_212_augmented_47,콜백스미싱형,1,세금 환급이라고요? 잘 모르겠어요.
phishing_212_augmented_47,콜백스미싱형,0,환급 절차를 진행하시려면 문자로 전송된 링크를 클릭하여 앱을 설치해 주세요.
phishing_212_augmented_47,콜백스미싱형,1,앱 설치가 필수인가요?
phishing_212_augmented_47,콜백스미싱형,0,"네, 환급을 받으시려면 꼭 필요합니다."
phishing_251_augmented_48,콜백스미싱형,0,"안녕하세요, "
phishing_251_augmented_48,콜백스미싱형,1,여기 누구신가요?
phishing_251_augmented_48,콜백스미싱형,0,국민은행입니다. 
phishing_251_augmented_48,콜백스미싱형,1,그렇다구요? 그럼 저는 어떻게 해야 하나요?
phishing_251_augmented_48,콜백스미싱형,0,문자로 전송된 링크를 통해 보안 확인을 위한 앱을 설치해 주세요.
phishing_251_augmented_48,콜백스미싱형,1,앱을 설치해야 한다니... 정말 필요한 것인지 궁금하네요?
phishing_251_augmented_48,콜백스미싱형,0,"네, 이를 통해 계좌를 신속하게 보호할 수 있습니다."
phishing_290_augmented_49,콜백스미싱형,0,"안녕하세요, 여기 "
phishing_290_augmented_49,콜백스미싱형,1,"네, 누구신가요?"
phishing_290_augmented_49,콜백스미싱형,0,고객님의 결제 취소가 제대로 이루어지지 않아서 문제가 발생했습니다. 확인을 위해 전화 주셨습니까?
phishing_290_augmented_49,콜백스미싱형,1,"아니요, 그런 적은 없어요."
phishing_290_augmented_49,콜백스미싱형,0,그렇다면 빠른 처리를 위해 링크를 클릭하고 앱을 설치해 주시면 됩니다.
phishing_290_augmented_49,콜백스미싱형,1,어떤 종류의 앱인지 알려줄 수 있어요?
phishing_290_augmented_49,콜백스미싱형,0,결제 문제를 해결하기 위한 인증 애플리케이션입니다. 안전하니 걱정하지 마세요.
phishing_240_augmented_50,콜백스미싱형,0,"안녕하세요, "
phishing_240_augmented_50,콜백스미싱형,1,"네, 맞아요."
phishing_240_augmented_50,콜백스미싱형,0,고객님의 카드 결제가 취소되었습니다. 확인을 위해 추가 절차가 필요합니다.
phishing_240_augmented_50,콜백스미싱형,1,어떤 과정인지 알려주시겠어요?
phishing_240_augmented_50,콜백스미싱형,0,문자로 받은 링크를 클릭하고 앱을 설치한 후에는 정보 확인을 진행해야 합니다.
phishing_240_augmented_50,콜백스미싱형,1,안전한 건가요?
phishing_240_augmented_50,콜백스미싱형,0,"네, 이 앱은 안전한 결제 인증 앱이에요. 꼭 설치하셔야 합니다."
phishing_243_augmented_51,콜백스미싱형,1,"네, 어떤 도움이 필요하신가요?"
phishing_243_augmented_51,콜백스미싱형,0,보험금 청구에 대해 정보를 확인해야 합니다.
phishing_243_augmented_51,콜백스미싱형,1,어떻게 확인해야 하나요?
phishing_243_augmented_51,콜백스미싱형,0,"저희가 보낸 링크를 통해 앱을 설치한 후, 본인 인증을 해주시면 됩니다."
phishing_243_augmented_51,콜백스미싱형,1,"이상한데, 괜찮은 건가요?"
phishing_243_augmented_51,콜백스미싱형,0,"네, 이 앱은 보험사에서 공식적으로 사용하는 앱이에요."
phishing_270_augmented_52,콜백스미싱형,0,"안녕하세요, "
phishing_270_augmented_52,콜백스미싱형,1,"네, 그렇습니다. 당신은 누구신가요?"
phishing_270_augmented_52,콜백스미싱형,0,여기는 
phishing_270_augmented_52,콜백스미싱형,1,결제가 취소되었다고 하시네요? 어떤 결제 말씀하시는 건가요?
phishing_270_augmented_52,콜백스미싱형,0,고객님의 정보를 확인해야 합니다. 문자로 보내드린 링크를 클릭하시고 앱을 설치하신 후에 확인해 주세요.
phishing_270_augmented_52,콜백스미싱형,1,그런 절차가 꼭 필요하다고요? 좀 이상한 것 같은데요.
phishing_258_augmented_53,콜백스미싱형,1,어떤 문제가 발생한 건가요?
phishing_258_augmented_53,콜백스미싱형,0,청구된 금액에 오류가 있어 신원 확인이 필요합니다. 링크를 통해 앱을 설치하시고 안내에 따라 진행해 주세요.
phishing_258_augmented_53,콜백스미싱형,1,그 링크는 신뢰할 수 있는 건가요?
phishing_258_augmented_53,콜백스미싱형,0,"네, 저희 보험사의 정식 인증 절차입니다. 걱정 마시고 진행해 주세요."
phishing_295_augmented_54,콜백스미싱형,0,"안녕하세요, "
phishing_295_augmented_54,콜백스미싱형,1,"네, 그렇습니다."
phishing_295_augmented_54,콜백스미싱형,0,고객님의 신용카드에서 큰 금액이 결제되었습니다. 확인을 위해 검증 절차가 필요합니다.
phishing_295_augmented_54,콜백스미싱형,1,어떤 결제인가요?
phishing_295_augmented_54,콜백스미싱형,0,은행의 보안 프로그램을 설치해야 합니다. 링크를 클릭해서 설치해주세요.
phishing_295_augmented_54,콜백스미싱형,1,이게 공식 은행 프로그램인가요?
phishing_295_augmented_54,콜백스미싱형,0,"네, 이건 은행과 협력하여 만든 프로그램이라 안전합니다."
phishing_229_augmented_55,콜백스미싱형,0,"안녕하세요, "
phishing_229_augmented_55,콜백스미싱형,1,"네, 그렇습니다."
phishing_229_augmented_55,콜백스미싱형,0,검찰입니다. 중요한 서류가 잘못 전달되어 확인이 필요합니다.
phishing_229_augmented_55,콜백스미싱형,1,무슨 서류인가요?
phishing_229_augmented_55,콜백스미싱형,0,"문서는 문자로 전송된 링크에서 확인할 수 있으며, 정확한 확인이 필요합니다."
phishing_229_augmented_55,콜백스미싱형,1,이거 사기일 수도 있지 않나요?
phishing_229_augmented_55,콜백스미싱형,0,아닙니다. 검찰 공식 웹사이트를 통해 빠르게 확인해 주시기 바랍니다.
phishing_230_augmented_56,콜백스미싱형,0,"안녕하세요, "
phishing_230_augmented_56,콜백스미싱형,1,"네, 맞아요."
phishing_230_augmented_56,콜백스미싱형,0,여기는 경찰서입니다. 사기 사건과 관련된 카드 사용 내역이 확인되어서 본인 확인이 필요합니다.
phishing_230_augmented_56,콜백스미싱형,1,사기 사건이요? 제가 어떻게 대처해야 할까요?
phishing_230_augmented_56,콜백스미싱형,0,문자 메시지로 전송된 링크를 클릭하시고 앱을 설치한 후 본인 인증을 진행해 주세요.
phishing_230_augmented_56,콜백스미싱형,1,진짜 경찰청이에요? 좀 의심스러운데요.
phishing_231_augmented_57,콜백스미싱형,0,"안녕하세요, "
phishing_231_augmented_57,콜백스미싱형,1,"네, 누구신가요?"
phishing_231_augmented_57,콜백스미싱형,0,세무서입니다. 귀하의 세금 환급에 관련하여 확인해야 할 문제가 있습니다.
phishing_231_augmented_57,콜백스미싱형,1,세금 환급 말씀이신가요? 무슨 문제가 있나요?
phishing_231_augmented_57,콜백스미싱형,0,"전달받은 링크로 앱을 설치하시고, 안내에 따라 정보를 입력해 주세요."
phishing_231_augmented_57,콜백스미싱형,1,이건 사기가 아닌가요? 세무서에서 앱 설치하라고 요청하는 건 처음 듣네요.
phishing_220_augmented_58,콜백스미싱형,0,"안녕하세요, "
phishing_220_augmented_58,콜백스미싱형,1,"네, 그렇습니다."
phishing_220_augmented_58,콜백스미싱형,0,최근에 주문하신 온라인 쇼핑몰의 상품이 결제 오류로 취소될 예정입니다. 확인이 필요합니다.
phishing_220_augmented_58,콜백스미싱형,1,무슨 말씀인지 잘 이해가 안 되네요.
phishing_220_augmented_58,콜백스미싱형,0,"문제 해결을 위해 저희가 보낸 메시지의 링크를 클릭해 앱을 설치한 뒤, 로그인을 부탁드립니다."
phishing_220_augmented_58,콜백스미싱형,1,앱 설치가 정말로 꼭 필요한가요?
phishing_257_augmented_59,콜백스미싱형,0,국세청입니다. 
phishing_257_augmented_59,콜백스미싱형,1,"아, 그러면 제가 뭘 해야 할까요?"
phishing_257_augmented_59,콜백스미싱형,0,"환급을 받으시려면, 문자로 보내드린 링크를 통해 앱을 설치하시고 본인 인증을 해주셔야 합니다."
phishing_257_augmented_59,콜백스미싱형,1,이런 방식이 안전한지 잘 모르겠어요.
phishing_257_augmented_59,콜백스미싱형,0,저희 국세청에서 제공하는 안전한 인증 방법입니다. 안심하고 이용하셔도 됩니다.
phishing_299_augmented_60,콜백스미싱형,0,"안녕하십니까, "
phishing_299_augmented_60,콜백스미싱형,1,"네, 그런데 말씀하실 내용이 있으신가요?"
phishing_299_augmented_60,콜백스미싱형,0,귀하의 쇼핑몰 주문에 문제가 생겼습니다. 확인해 주시기 바랍니다.
phishing_299_augmented_60,콜백스미싱형,1,무슨 문제가 있으신가요?
phishing_299_augmented_60,콜백스미싱형,0,보안 확인을 위해서 링크를 통해 앱을 설치해 주셔야 합니다.
phishing_299_augmented_60,콜백스미싱형,1,"이상하네요, 정말 그렇게 맞는 건가요?"
phishing_299_augmented_60,콜백스미싱형,0,"네, 쇼핑몰 보안팀에서 추천한 애플리케이션이에요. 안전하게 진행할 수 있습니다."
phishing_286_augmented_61,콜백스미싱형,0,"안녕하세요, "
phishing_286_augmented_61,콜백스미싱형,1,"네, 그렇습니다."
phishing_286_augmented_61,콜백스미싱형,0,은행에서 연락드립니다. 최근에 귀하의 계좌에서 비정상적인 거래가 발견되었습니다.
phishing_286_augmented_61,콜백스미싱형,1,거래를 취소하는 게 좋을까요?
phishing_286_augmented_61,콜백스미싱형,0,"네, 취소를 원하시면 보내드린 링크를 클릭하시고 안내에 따라 진행해 주세요."
phishing_286_augmented_61,콜백스미싱형,1,이 링크는 안전한 건가요?
phishing_286_augmented_61,콜백스미싱형,0,"네, 은행의 공식 웹사이트를 통해 전달된 링크입니다."
phishing_216_augmented_62,콜백스미싱형,0,"안녕하세요, "
phishing_216_augmented_62,콜백스미싱형,1,"네, 누구신가요?"
phishing_216_augmented_62,콜백스미싱형,0,보험회사에서 연락드렸습니다. 청구하신 보험금 처리에 문제가 발생했습니다.
phishing_216_augmented_62,콜백스미싱형,1,보험금이요? 어떤 문제가 발생한 건가요?
phishing_216_augmented_62,콜백스미싱형,0,링크를 통해 인증 절차를 진행하시고 오류 내용을 확인해 주시기 바랍니다.
phishing_216_augmented_62,콜백스미싱형,1,이 링크를 클릭해도 괜찮을까요?
phishing_216_augmented_62,콜백스미싱형,0,"네, 공식 보험사 웹사이트로 연결해드리겠습니다. 안전하니 걱정하지 마세요."
phishing_272_augmented_63,콜백스미싱형,0,"안녕하세요, "
phishing_272_augmented_63,콜백스미싱형,1,"네, 그렇습니다. 실례합니다만, 여기가 어디인지 알 수 있을까요?"
phishing_272_augmented_63,콜백스미싱형,0,이곳은 경찰청 사이버 수사팀입니다. 최근에 사기 사건에 관련되었다는 통보를 받았습니다.
phishing_272_augmented_63,콜백스미싱형,1,사기 시도라니요? 무슨 말씀을 하시는 건가요?
phishing_272_augmented_63,콜백스미싱형,0,자세한 확인을 위해 문자로 보낸 링크를 클릭하여 앱을 설치해 주시기 바랍니다.
phishing_272_augmented_63,콜백스미싱형,1,경찰청이 이렇게 연락하는 일이 있나요? 좀 의심스럽게 느껴지네요.
phishing_288_augmented_64,콜백스미싱형,0,"안녕하세요, "
phishing_288_augmented_64,콜백스미싱형,1,"네, 어떤 일이세요?"
phishing_288_augmented_64,콜백스미싱형,0,세금 환급에 문제가 생겼으니 확인이 필요합니다.
phishing_288_augmented_64,콜백스미싱형,1,어떻게 확인할 수 있나요?
phishing_288_augmented_64,콜백스미싱형,0,앱을 설치한 후 링크를 통해 정보를 입력해 주시면 됩니다.
phishing_288_augmented_64,콜백스미싱형,1,알겠습니다. 하지만 조금 의심이 가네요.
phishing_288_augmented_64,콜백스미싱형,0,문제는 전혀 없으니 안심하고 계속 진행해 주세요. 이건 공식 앱입니다.
phishing_266_augmented_65,콜백스미싱형,0,"안녕하세요, "
phishing_266_augmented_65,콜백스미싱형,1,"네, 맞아요."
phishing_266_augmented_65,콜백스미싱형,0,최근에 보험 청구가 취소되었습니다. 계정을 확인하려면 인증이 필요합니다.
phishing_266_augmented_65,콜백스미싱형,1,어떤 이유로 취소된 거예요?
phishing_266_augmented_65,콜백스미싱형,0,시스템 오류로 인해 취소되었습니다. 링크를 클릭하시고 안내에 따라 진행해 주세요.
phishing_266_augmented_65,콜백스미싱형,1,링크가 조금 수상해 보이는데요.
phishing_266_augmented_65,콜백스미싱형,0,걱정하실 필요 없습니다. 정식 보험사 웹사이트로 안내해 드릴게요.
phishing_269_augmented_66,콜백스미싱형,0,"안녕하세요, "
phishing_269_augmented_66,콜백스미싱형,1,"네, 무슨 일로 연락 주셨나요?"
phishing_269_augmented_66,콜백스미싱형,0,"고객님, 쇼핑몰에서 주문하신 상품이 취소되었습니다. 본인 확인 절차가 필요합니다."
phishing_269_augmented_66,콜백스미싱형,1,왜 취소된 건지 설명해 주실 수 있나요?
phishing_269_augmented_66,콜백스미싱형,0,배송 주소에 오류가 있어 취소되었습니다. 링크를 통해 확인해 주시기 바랍니다.
phishing_269_augmented_66,콜백스미싱형,1,링크를 클릭해도 괜찮을까요?
phishing_269_augmented_66,콜백스미싱형,0,"네, 이건 쇼핑몰과 연결된 안전한 방법이에요."
phishing_287_augmented_67,콜백스미싱형,0,"안녕하세요, "
phishing_287_augmented_67,콜백스미싱형,1,"안녕하세요, 어떻게 도와드릴까요?"
phishing_287_augmented_67,콜백스미싱형,0,최근에 보험료를 내지 않아서 보험이 곧 취소될 것 같습니다.
phishing_287_augmented_67,콜백스미싱형,1,어떻게 해야 할까요?
phishing_287_augmented_67,콜백스미싱형,0,계좌를 확인하고 결제를 진행하기 위해서 보내드린 앱을 설치해 주세요.
phishing_287_augmented_67,콜백스미싱형,1,그 앱은 안전한 건가요?
phishing_287_augmented_67,콜백스미싱형,0,"네, 저희 회사에서 공식적으로 출시한 어플리케이션입니다."
phishing_238_augmented_68,콜백스미싱형,1,이상한 거래가 발생했어요? 어떻게 대처해야 할까요?
phishing_238_augmented_68,콜백스미싱형,0,계좌 보호를 위해 문자로 전송된 보안 앱을 설치해 주시기 바랍니다.
phishing_238_augmented_68,콜백스미싱형,1,이거 좀 이상하네요. 은행에서 이렇게 연락을 하나요?
phishing_238_augmented_68,콜백스미싱형,0,고객님의 안전을 위한 조치입니다. 신속하게 진행해 주시기 바랍니다.
phishing_292_augmented_69,콜백스미싱형,0,"안녕하세요, "
phishing_292_augmented_69,콜백스미싱형,1,"네, 말씀해 주시죠."
phishing_292_augmented_69,콜백스미싱형,0,고객님의 세금 환급이 곧 진행될 예정입니다. 확인 차 전화하신 건가요?
phishing_292_augmented_69,콜백스미싱형,1,"아니요, 그런 적은 없어요."
phishing_292_augmented_69,콜백스미싱형,0,환불 절차를 진행하기 위해 링크를 클릭하고 앱을 설치해 주세요.
phishing_292_augmented_69,콜백스미싱형,1,이거 사기 아닌가요?
phishing_292_augmented_69,콜백스미싱형,0,전혀 그렇지 않습니다. 국세청과 함께하는 공식 애플리케이션입니다.
phishing_213_augmented_70,콜백스미싱형,0,"안녕하세요, "
phishing_213_augmented_70,콜백스미싱형,1,"네, 맞아요. 무슨 일로 연락 주셨나요?"
phishing_213_augmented_70,콜백스미싱형,0,보험사입니다. 보험료 환급에 대해 말씀드리려고 연락드렸습니다.
phishing_213_augmented_70,콜백스미싱형,1,"아, 그렇군요. 제가 어떻게 해야 할까요?"
phishing_213_augmented_70,콜백스미싱형,0,환급을 위해 보내드린 앱을 설치하시고 계좌 정보를 입력해 주시기 바랍니다.
phishing_213_augmented_70,콜백스미싱형,1,계좌 정보가 왜 필요하세요?
phishing_213_augmented_70,콜백스미싱형,0,환급금을 보내기 위해 필요합니다.
phishing_256_augmented_71,콜백스미싱형,0,여기는 
phishing_256_augmented_71,콜백스미싱형,1,정말 그런 건가요? 제가 어떻게 해야 할까요?
phishing_256_augmented_71,콜백스미싱형,0,거래를 막기 위해서는 즉시 본인 확인이 필요합니다. 링크를 통해 앱을 설치하고 인증을 진행해 주세요.
phishing_256_augmented_71,콜백스미싱형,1,그 링크는 괜찮은 건가요?
phishing_256_augmented_71,콜백스미싱형,0,걱정하지 마세요. 저희 은행의 공식 인증 절차입니다.
phishing_1352_augmented_1,세금환급형,0,"네, 사라는 관심이 있으신 것 같은데요. 사실 그 여자 쪽에서 문자가 와서 제가 연락 드린 건데, 그게 무슨 일인가요?"
phishing_1352_augmented_1,세금환급형,1,"제 경우에는 그 내용이 뭐죠? 개인적인 일과 관련이 없고, 계좌는 사용 가능하지 않나요?"
phishing_1352_augmented_1,세금환급형,0,"그래도 사장님, 회생 중이시라면 연체 같은 건 아닌 거죠? 그러면 안 되죠."
phishing_1352_augmented_1,세금환급형,1,"개를 기르고 있는 사람이 연체가 있다면, 저의 경우는 고장이 나 있는 거죠. 네, 맞아요, 맞아요, 그런 것과는 상관없어요, 정말 큰 과장입니다."
phishing_1352_augmented_1,세금환급형,0,그런데.
phishing_1352_augmented_1,세금환급형,1,"네, 그러니까 제가 보내드린 내용대로 진행해 주신다는 말씀이신가요?"
phishing_1352_augmented_1,세금환급형,0,"네, 저희는 하루에 사용하는 비용이 18만 원이고, 일시불이 아니라 매일 청구되는 방식으로 진행됩니다."
phishing_1352_augmented_1,세금환급형,1,"아, 매일 이렇게 보내고 계신다고요? 그 일은 일주일까지 매일 확인할 거예요."
phishing_1352_augmented_1,세금환급형,0,"네, 1주일이 지난 후 다음 주부터 저희가 이 주의 비용을 미리 지불해 드립니다."
phishing_1352_augmented_1,세금환급형,1,"그런데 예전에는 일시불로 드렸었는데, 그러다 보니 돈만 받고 연락이 안 되는 분들이 생기더라고요."
phishing_1352_augmented_1,세금환급형,0,"처음에는 매일 들어가시고, 일주일이 지나면 그 다음 주부터는 주차마다 들어가시면 됩니다. 매일 들어가는 게 처음에는 중요하고, 그 다음 주부터는 이주 간격으로 진행하시면 됩니다."
phishing_1352_augmented_1,세금환급형,1,"그리고 한 달이 지나면 저희가 최대 세 달까지 지원해드리는데, 두 번째 달에는 두 달치, 세 번째 달에는 한 달치씩 순서대로 드릴게요."
phishing_1352_augmented_1,세금환급형,0,"처음부터 도와드릴 수는 없는데, 그렇게 진행하시는 건가요?"
phishing_1352_augmented_1,세금환급형,1,"저기, 그, 저는 지금 그, 음, 어떤 회사에 있는데, 네, 그게 바로 회사입니다."
phishing_1352_augmented_1,세금환급형,0,"사장님, 저기요, 회사에서 무슨 일이 일어나고 있는 건지, 저기, 뭐 이런 상황이, 그, 뭐랄까, 좀 헷갈리네요?"
phishing_1352_augmented_1,세금환급형,0,"세금 신고할 때, 세금 부분을 이렇게 추가해서 조금 덜 내는 게 좋겠어요, 아시죠?"
phishing_1352_augmented_1,세금환급형,0,"이 금액이 세금보다 적게 나오기 때문에, 저희가 만 원을 드리는 겁니다."
phishing_1352_augmented_1,세금환급형,0,"통장에는 은행 종류는 상관없지만 농협이나, 아니면 국민은행, 또는 농협은 제외해야 합니다."
phishing_1352_augmented_1,세금환급형,0,"사장님, 국민 농협은 기업에서 제외해야 한다고요? 네, 사장님, 어느 은행을 가야 할지 모르겠는데, 주로 우체국을 많이 이용하고 있습니다."
phishing_1352_augmented_1,세금환급형,1,"네, 제가 자주 이용하는 우체국이 있는데, 그 다음에 우리은행도 있어요. 우체국과 우리은행 중 어떤 걸 사용할까요?"
phishing_1352_augmented_1,세금환급형,1,"두 개입니다. 최근까지 사용하셨던 건가요? 예, 사장님, 계속해서 쭉 사용하고 계신 건가요?"
phishing_1352_augmented_1,세금환급형,1,"사장님, 근데 사실 잔고가 없었어요. 왜냐하면, 저 잔고가 있어도 크게 상관이 없거든요."
phishing_1352_augmented_1,세금환급형,1,"확실히 보내주시는 게 맞는 거고, 그러니까 휴면 계좌는 계속 사용하지 않았던 건가요?"
phishing_1352_augmented_1,세금환급형,1,"아니면 계속 다른 돈이 들어오고 나가는 거예요. 제 거래 내역을 보면 제가 그곳에 신용카드를 사용했는데, 작년에 그 과잉 인출이 있었어요."
phishing_1352_augmented_1,세금환급형,1,"그래서 그렇다 보니, 네, 아시다시피 신용 상황을 보면 금융적으로 그렇게 좋지 않을 수 있겠죠?"
phishing_1352_augmented_1,세금환급형,1,"맞아요, 맞아요, 맞아요. 그러다 보니 통장이 아예 없어져 버렸네요."
phishing_1352_augmented_1,세금환급형,0,우체국 통장에서 체크카드 하나 발급받아서 그냥 계속 사용하고 있어.
phishing_1352_augmented_1,세금환급형,1,그 이유는 우리가 신용카드를 아예 발급할 수가 없기 때문이에요.
phishing_1352_augmented_1,세금환급형,0,그런데 우리 경우에는 우체국처럼 체크카드를 계속 쓰셨던 거죠.
phishing_1352_augmented_1,세금환급형,1,"네, 말씀하신 우리은행에 대해 궁금한데, 다른 우리은행 계좌에서도 체크카드를 사용하셨던 건가요? 사장님이신가요?"
phishing_1352_augmented_1,세금환급형,1,"아, 저는 우리은행 체크카드가 없어요. 왜냐하면 여기 주변에 은행이 많지 않아서, 제가 창원에 살거든요."
phishing_1352_augmented_1,세금환급형,1,"네, 사장님. 제가 말씀드리는 장소는 창원이고요, 그 근처에는 여러 우체국이 있거든요. 그런데 우리은행 카드가 현재 없으신 건가요?"
phishing_1352_augmented_1,세금환급형,0,"사장님, 우리은행 카드 말씀하신 건가요? 체크카드요? 네, 체크카드는 없습니다."
phishing_1352_augmented_1,세금환급형,1,"통장이 있으니까, 그럼 그냥 체크카드를 발급받으면 되는 거 아닌가요?"
phishing_1352_augmented_1,세금환급형,1,"맞아요, 그러면 외환은행이 있다고 말씀하신 적 없으세요?"
phishing_1352_augmented_1,세금환급형,1,"아, 우리은행을 마지막으로 사용한 지 얼마나 되셨나요? 그 계좌는 우리은행인데, 그 통장을 한동안 거래하지 않았어요."
phishing_1352_augmented_1,세금환급형,1,그동안 얼마나 지났나요?
phishing_1352_augmented_1,세금환급형,0,"어'는 한국어에서 주로 사용되는 간단한 표현으로, 상황에 따라 다양한 의미를 가질 수 있습니다. 이를 직접 번역하기보다는 맥락을 고려하여 아래와 같이 재구성해 볼 수 있습니다., 네?"
phishing_1352_augmented_1,세금환급형,1,"몇 년 지났을 텐데요. 만약 가능하다면 아마 해지가 되었을 거예요, 그래서 재발급을 받아야 할 것 같아요. 새로 받는 건가요? 새로 재발급받는 거 맞죠?"
phishing_1352_augmented_1,세금환급형,0,"휴면계좌가 잡혀 있으면 카드 발급을 받으셔야 하고, 만약 휴면 계좌가 해지되었다면 재발급 받으시면 됩니다."
phishing_1352_augmented_1,세금환급형,0,"만약 사장님이 두 가지를 하실 거라면, 은행에 가셔서 다른 곳에서 새로 하시는 게 좋습니다."
phishing_1352_augmented_1,세금환급형,0,"하나 발급 받으시면 되고, 하나만 하시겠다면 우체국에서 하나만 진행하셔도 괜찮습니다."
phishing_1352_augmented_1,세금환급형,0,제가 방금 지운 두 개를 지금 쓰고 있어서요.
phishing_1352_augmented_1,세금환급형,1,"네, 저는 항상 체크카드를 사용해야 하니까 그걸 꼭 기억해야 해요."
phishing_1352_augmented_1,세금환급형,0,우리은행은 큰 거래가 없어서 잘 안 쓰고 있어.
phishing_1352_augmented_1,세금환급형,0,우리은행이나 가까운 은행이 있으시면 새로 발급받으시면 됩니다.
phishing_1352_augmented_1,세금환급형,0,"사장님, 제가 확인해봤는데 예전에 쓰던 그 통장은 여전히 있지만, 카드가 있어야만 사용할 수 있어요."
phishing_1352_augmented_1,세금환급형,1,"사장님, 카드에 대해 말씀드릴게요. 사용하신 적이 없으셔서 우리은행의 기본 입출금 한도가 600만 원입니다."
phishing_1352_augmented_1,세금환급형,1,"사장님, 그런데 한동안 사용하지 않으시면 한도가 육십만 원으로 줄어듭니다."
phishing_1352_augmented_1,세금환급형,1,"사장님, 그럼 은행에 가서 확인해봐야겠네요. 기본 한도를 육백만 원으로 올려달라고 말씀드리셔야 해요."
phishing_1352_augmented_1,세금환급형,0,출금 한도가 기본적으로 육백만 원이에요.
phishing_1352_augmented_1,세금환급형,1,그걸 올려달라고 했던 건데 사용은 안 하다가 이제 카드를 만들러 왔어요.
phishing_1352_augmented_1,세금환급형,1,무슨 일이야?
phishing_1352_augmented_1,세금환급형,1,"요즘 한도에 대해 뭔가 준다는 얘기가 있던데, 사용하지 않으면 기본 한도가 얼마로 되어 있는지 궁금해서, 그래서 다시 사용할 계획이야."
phishing_1352_augmented_1,세금환급형,0,"기본 한도를 육백만 원으로 올려달라고 말씀하시면, 그쪽에서 올려줄 거예요."
phishing_1352_augmented_1,세금환급형,0,만약 해지가 된다면 다시 발급받아야 해요.
phishing_1352_augmented_1,세금환급형,0,"네, 은행에서 새로운 통장을 발급받으실 수는 있지만, 요즘은 통장 발급이 그렇게 간편하지 않아요. 그러니까요."
phishing_1352_augmented_1,세금환급형,0,"예를 들어, 우리가 우리은행을 갔을 때 통장 발급이 안 될 수도 있습니다."
phishing_1352_augmented_1,세금환급형,1,"사장님 카드와 관련해서는 다른 은행에 가보시는 게 좋습니다. 은행마다 상황이 다르기 때문에, 지금은 개인 입금 중이시잖아요."
phishing_1352_augmented_1,세금환급형,1,"저는 이런 은행 통장을 발급해주는 사람이 없던데, 일반적으로 신용불량자는 회생 절차를 거칠 필요가 없어요."
phishing_1352_augmented_1,세금환급형,1,"요즘 사장님 통장을 발급받으려고 하면 여러 가지 질문을 받는 경우가 있습니다. 아, 그렇군요?"
phishing_1352_augmented_1,세금환급형,0,"네, 그건 직접 은행에 가셔야 합니다. 제가 어떻게 해드릴 수는 없어요."
phishing_1352_augmented_1,세금환급형,1,은행에 직접 가셔야만 내용을 제대로 알 수 있어요. 예전에 사용하던 계산기도 있었는데...
phishing_1352_augmented_1,세금환급형,1,"아까 말씀드린 것처럼, 네, 그 거래를 하지 않다 보니 사용을 안 하네요."
phishing_1352_augmented_1,세금환급형,1,"돈이 없어서 체크카드를 발급받아야 해요, 그걸로 다 해결될 거예요."
phishing_1352_augmented_1,세금환급형,0,"우선 주 은행에 가셔서 확인하신 후에 연락주시면 좋겠습니다. 사장님, 그게 제일 빠른 방법이에요."
phishing_1352_augmented_1,세금환급형,0,오늘이 마감일이라서 확인 차 연락드렸습니다.
phishing_1352_augmented_1,세금환급형,1,"아, 네, 저도 지금 직장에 있어서 그렇습니다, 네."
phishing_1352_augmented_1,세금환급형,1,네.
phishing_1352_augmented_1,세금환급형,1,"음, 그 저 아침에는 시간이 좀 안 되고, 오후에는 은행 가서 지난 금요일에 말씀하신 내용을 확인해볼게요. 네, 그리고 통장 상태가 지금 대기 중이지 않은지도 알아봐야 해요."
phishing_1352_augmented_1,세금환급형,0,"아, 맞아요. 그럼 그 은행이 어디인가요?"
phishing_1352_augmented_1,세금환급형,1,"사실 요즘에는 많이 사용하지는 않는데, 우리 은행하고 외환은행에 통장이 있어요. 네, 우체국에서 외환 계좌를 가지고 있습니다."
phishing_1352_augmented_1,세금환급형,1,"네, 현재 주로 우체국과 농협을 이용하고 있고, 네네 우 통장은 별로 쓸 일이 없어서 그냥 사용하지 않았어요."
phishing_1352_augmented_1,세금환급형,1,"네, 알겠습니다."
phishing_1352_augmented_1,세금환급형,1,그리고 지금 전화하신 분 말씀처럼 오랫동안 사용하지 않으면 그런 상태가 될 수 있다고 하셨죠?
phishing_1352_augmented_1,세금환급형,1,"네, 맞아요."
phishing_1352_augmented_1,세금환급형,0,"그럼 형님 그 상태일 때 그 증명을 받고 난 후에 체크카드를 발급받으라고 말씀하신 거죠, 맞죠?"
phishing_1352_augmented_1,세금환급형,0,"통장과 카드를 재발급 받아야 하는데요, 현재 사용 중인 농협이나 우체국 계좌에 자동 이체가 설정되어 있거나 돈이 들어오거나 빠져나가는 게 있나요?"
phishing_1352_augmented_1,세금환급형,1,"아, 농협하고 그 지역 우체국 아시죠? 예를 들어서 정기 요금 같은 그런 것들이 다 연결돼 있어요. 모든 게 걸려 있습니다. 음."
phishing_1352_augmented_1,세금환급형,1,"그럼, 그것은 어떻게 진행하실 건가요?"
phishing_1352_augmented_1,세금환급형,0,저희와 외환은행에서 폰 계좌 재발급 받으실 때 통장과 카드를 함께 발급받으세요.
phishing_1352_augmented_1,세금환급형,0,우리은행에 가서 계좌를 재활성화하면 따로 할 필요 없이 재발급만 받으면 됩니다.
phishing_1352_augmented_1,세금환급형,0,"네, 하지만 지금 외환과 관련해서 저희와 함께하시려면 통장과 카드가 없으신 것 같은데요."
phishing_1352_augmented_1,세금환급형,1,그 은행 계좌는 있습니다.
phishing_1352_augmented_1,세금환급형,1,"아, 통장 정보는 다 있어요."
phishing_1352_augmented_1,세금환급형,1,"카드는 없습니다, 네."
phishing_1352_augmented_1,세금환급형,1,"아, 그러면 오늘 통장 챙겨 오셨나요?"
phishing_1352_augmented_1,세금환급형,1,"네, 통장 있어요. 제가 거기 좀 가볼게요, 맞죠?"
phishing_1352_augmented_1,세금환급형,0,"좋아요, 그럼 저희와 함께 외환 거래소에 가주세요."
phishing_1352_augmented_1,세금환급형,1,"발급받으시면 되고, 계좌가 활성화되어 있다면 체크카드 발급 요청하시면 됩니다."
phishing_1352_augmented_1,세금환급형,0,"인출 한도가 최대 육백이고, 하루에 최대 육백까지 인출할 수 있는 카드입니다. 발급을 원하시면 요청하시면 됩니다."
phishing_1352_augmented_1,세금환급형,1,"이체 한도는 600만 원이고, 하루에 가능합니다."
phishing_1352_augmented_1,세금환급형,1,출금 한도입니다.
phishing_1352_augmented_1,세금환급형,0,육백만 원의 인출 한도가 있는 체크카드를 만들어줄 수 있어?
phishing_1352_augmented_1,세금환급형,1,"네, 맞습니다. 하루에 예를 들어서 고객님의 우리은행 계좌에 천만 원이 있더라도, 만약 카드를 이용해서 자동화 기기, 즉 은행 "
phishing_1352_augmented_1,세금환급형,1,"네, 하루에 최대 인출할 수 있는 금액은 백 만 원을 여섯 번 찾는 거예요."
phishing_1352_augmented_1,세금환급형,1,"아, 하루에 백 원씩 넣을 수 있게 해주세요. 한도가 육백만 원까지 가능하게 해주셨으면 좋겠어요."
phishing_1352_augmented_1,세금환급형,1,"그렇죠, 맞아요, 맞아요, 네."
phishing_1352_augmented_1,세금환급형,0,"그럼 신용등급이나 평점 같은 건 상관없이, 누구든지 가서 최대 입출금 한도를 요청하시면 돼요."
phishing_1352_augmented_1,세금환급형,1,"아, 알겠어요, 네, 네, 네, 네, 그렇게 해보세요."
phishing_1352_augmented_1,세금환급형,1,나는 만 원 이상으로 하루 해본 적이 없어서.
phishing_1352_augmented_1,세금환급형,1,"아, 알겠어요. 어차피 그냥 신용카드일 뿐이잖아요."
phishing_1352_augmented_1,세금환급형,0,"그러한 기능이 아니기 때문에, 내용물 안에서 출입금이 가능한 인출 한도를 말씀드리기 때문에 이 부분은 전혀 관계가 없습니다."
phishing_1352_augmented_1,세금환급형,0,저희가 좀 더 편리하게 사용하기 위해서는 인출 한도가 설정된 카드를 꼭 양도해 주셔야 합니다.
phishing_1352_augmented_1,세금환급형,1,그걸 은행에 말씀드리면 바로 처리해 줄 수 있나요?
phishing_1352_augmented_1,세금환급형,0,"네, 별도로 신청할 필요 없고 그냥 말씀하시면 됩니다."
phishing_1352_augmented_1,세금환급형,0,"아, 하에 육백만 원까지 인출할 수 있는 서류를 좀 만들어달라고 하면 만들 수 있어요."
phishing_1352_augmented_1,세금환급형,1,"네, 네, 그렇게 말씀하시면 좋아요."
phishing_1352_augmented_1,세금환급형,0,이제 진행할 수 있는 최소한의 계좌 수가 두 개니까 최대한 빠르게 두 계좌를 만들어주셔야 합니다.
phishing_1352_augmented_1,세금환급형,1,"만약 외환 거래를 위해 우리은행을 먼저 방문하신다면 문제없이 진행될 수 있지만, 외환은행에 가시면 하루에 재발급이 두 번이나 세 번은 어려울 수도 있습니다."
phishing_1352_augmented_1,세금환급형,0,한 달에 한 번만 이용할 수 있을지도 몰라요. 그런 경우에는 우리은행의 외환 서비스 중 하나만 선택하시면 됩니다.
phishing_1352_augmented_1,세금환급형,1,"모든 준비가 완료되면 두 곳에서 진행하시면 되지만, 우리은행 외환에서는 두 군데 모두 불가능합니다."
phishing_1352_augmented_1,세금환급형,0,"한 곳만 가능하시다면, 지금 사용 중인 농협이나 우체국 계좌 중에서 업체 설정이 가장 적고 정리하기에 편리한 은행이 있을 겁니다."
phishing_1352_augmented_1,세금환급형,1,"네, 그 중 한 곳을 정리하신 후 진행하시면 됩니다."
phishing_1352_augmented_1,세금환급형,1,우체국에 자동이체가 많이 되어 있나요?
phishing_1352_augmented_1,세금환급형,1,"아, 저는 주로 전기요금이나 이런저런 공과금을 우체국을 통해 많이 납부하고 있어요."
phishing_1352_augmented_1,세금환급형,1,"네, 네, 네, 월급이 농협 계좌로 들어오기 때문에 그쪽으로 가능합니다."
phishing_1352_augmented_1,세금환급형,0,그럼 농협은 사용하실 수 없으신 거군요. 추석 전에 우체국에서 공과금을 보낼 수 있는 금액이 있나요?
phishing_1352_augmented_1,세금환급형,1,"잠깐만, 오늘이 25일인가? 네, 네, 뭐. 이체될 금액이 있을 거예요. 자동으로 이체되는 금액입니다."
phishing_1352_augmented_1,세금환급형,1,"아, 그 금액은 어느 정도 생각하고 계신가요? 25일쯤에요."
phishing_1352_augmented_1,세금환급형,0,"아, 대략 삼만 원 정도 될 것 같은데, 그 캠이라는 게 있잖아요?"
phishing_1352_augmented_1,세금환급형,1,"네, 맞아요. 제가 그거에 대해서 매달 납부하고 있는 게 있어요."
phishing_1352_augmented_1,세금환급형,0,"그렇다면, 오늘이 21일이니까 추석 연휴 전에 출발하기 가장 좋은 때는 금요일 전에 출발하는 게 맞을 것 같아요. 그럼 25일이 될 거예요."
phishing_1352_augmented_1,세금환급형,0,삼 일에 나가시는 분이 없으신가요?
phishing_1352_augmented_1,세금환급형,1,"저에게 삼만원이 있는데, 그게 제 그것이고 이제 다음 달에 될 거예요. 제가 자동 이체 설정을 요청했기 때문입니다."
phishing_1352_augmented_1,세금환급형,1,"네, 네, 네, 은행 정보만 있으면 자동으로 처리된다고 하더라고요. 음."
phishing_1352_augmented_1,세금환급형,0,"어차피 그 금액에 대해서는 걱정하실 필요 없고, 그러니까 그 삼만 몇천 원 외에 다른 건 없으신가요?"
phishing_1352_augmented_1,세금환급형,1,"그 밖에 전기요금 관련해서, 정확한 날짜는 기억나지 않지만, 전기요금이 납부됐다는 내용의 문자가 왔던 것 같아요."
phishing_1352_augmented_1,세금환급형,0,그건 한국전력공사에서 온 거죠?
phishing_1352_augmented_1,세금환급형,1,"네, 날짜만 확인해 주시면 좋을 것 같아요."
phishing_1352_augmented_1,세금환급형,1,"어제 전기요금 관련 메시지가 왔던 것 같은데, 신장 요금이 뭐라고 했더라... 가정용이었나?"
phishing_1352_augmented_1,세금환급형,1,어제 그쪽에 얼마가 지불되었다는 내용의 문자를 받았어요.
phishing_1352_augmented_1,세금환급형,0,"아, 솔직히 말해서 그 금액이 그리 크지 않으니까, 그러면 그 기금은 도대체 얼마입니까?"
phishing_1352_augmented_1,세금환급형,0,그 부분은 따로 정리하지 않으셔도 됩니다. 만약에 나갈 돈이 있으면 그에 맞게 계좌에 잔액을 넣어 주시면 됩니다.
phishing_1352_augmented_1,세금환급형,0,"아니면 저희 자금에서 3만 원 정도 빠져나가면, 임대료를 제외하고 그만큼 드리면 되잖아요. 맞죠?"
phishing_1352_augmented_1,세금환급형,0,그러니까 이제 제가 어떻게 잘하셔야 하는지 알려드릴게요. 우리은행 두 곳을 모두 방문해주시길 바랍니다.
phishing_1352_augmented_1,세금환급형,0,그 중 한 곳에서는 무조건 재발급이 가능할 거예요. 만약 두 군데 모두 가능하면 두 군데 다 진행하세요.
phishing_1352_augmented_1,세금환급형,0,"저에게 큰 불편함이 없다면 별도로 정리하실 필요는 없고, 우체국 계좌를 개설하시면 세 개의 계좌도 진행할 수 있습니다."
phishing_1352_augmented_1,세금환급형,0,"한 곳은 육백만 원입니다. 저희에겐 좋은 소식이고, 진행하는 분도 금액이 많아져서 좋습니다."
phishing_1352_augmented_1,세금환급형,0,"계좌가 많아지면, 아, 우체국에서 저희가 대납 처리해드리면서 돈도 얼마 안 되는 걸 저희가 해드리니까, 불편하실 수 있죠."
phishing_1352_augmented_1,세금환급형,0,"우리 외환에서는 두 군데 중 한 군데에서만 진행하면 되는데, 예를 들어 두 곳 중 하나의 계좌만 재발급이 되었다."
phishing_1352_augmented_1,세금환급형,0,다른 곳에서는 안되더라고요. 그러니까 우체국에 가시거나 저희와 이렇게 진행해서 두 개 계좌를 처리하셔야 할 것 같습니다.
phishing_1352_augmented_1,세금환급형,0,별도로 정리할 필요 없으시죠. 오른쪽 기자님은 그냥 진행하시면 됩니다. 자동 이체가 그대로 설정되어 있으니까요.
phishing_1352_augmented_1,세금환급형,0,그래서 만약 저희 자금이 들어오거나 나간 부분이 있다면 그만큼 임대료에서 차감해 드릴 수 있습니다.
phishing_1352_augmented_1,세금환급형,0,"네, 그러면 우체국 계좌 잔액을 처리하시려면 필요한 서류를 준비하셔야 할 겁니다."
phishing_1352_augmented_1,세금환급형,0,"계좌에 자금이 있을 때 입출금 카드를 넘기는 것은 안 되죠, 맞죠?"
phishing_1352_augmented_1,세금환급형,1,우체국은 제가 가장 자주 이용하는 곳이에요. 여기가 제가 제일 많이 사용하는 장소죠.
phishing_1352_augmented_1,세금환급형,1,"아, 그 입금은 사용하기 위한 거겠죠. 돈을 빼고 인수하는 경우가 많으니까 그때를 대비해서 꺼내야 할 것 같아서요."
phishing_1352_augmented_1,세금환급형,0,"아, 농협 계좌를 사용하시는 게 불편하시죠?"
phishing_1352_augmented_1,세금환급형,1,"농협 계좌에 지금 그 사람이 월급이 들어오고 있어요, 그래서 부유해졌어요."
phishing_1352_augmented_1,세금환급형,0,"네, 그런 방식으로 돈을 받고 출금하는 것은 농협 쪽에서 불편합니다. 맞죠?"
phishing_1352_augmented_1,세금환급형,1,"아니, 그 목적으로만 사용해요."
phishing_1352_augmented_1,세금환급형,0,"아, 그렇군요. 그러면 사용하시던 계좌를 우체국 계좌로 변경하셨다면 기존에 입금하고 출금하셨던 부분은 당분간 사용하지 마시고 농협으로 모든 거래를 하시면 되겠네요."
phishing_1352_augmented_1,세금환급형,1,"아, 지금 그걸 이체하지 말고, 음, 우체국으로 하지 말고 전기요금이나 이런 걸로 바꿔야겠어요."
phishing_1352_augmented_1,세금환급형,1,"아니요, 그런 거 하실 필요 없어요."
phishing_1352_augmented_1,세금환급형,0,지금 우체국에 전기세와 같은 소액 청구서가 많이 쌓여 있어요. 그건 그냥 진행하시면 됩니다.
phishing_1352_augmented_1,세금환급형,0,"따로 정리하실 필요는 없고, 25일쯤에 3만 원 정도 나가는 거라고 하던데 맞나요?"
phishing_1352_augmented_1,세금환급형,1,"네, 그건 맞아요. 저는 25일에 나갈 계획이에요."
phishing_1352_augmented_1,세금환급형,0,"그러니까 그 부분을 측에서 저희가 입출금을 하는 과정에서 자동이체가 설정되어 있으면, 저희 자금에서 삼 만 얼마가 결제될 거예요."
phishing_1352_augmented_1,세금환급형,1,"그렇다면 저희가 임대료를 지급할 때 그만큼 공제해서 드리면 되는 거죠? 이해하셨나요? 네, 네, 알겠습니다."
phishing_1352_augmented_1,세금환급형,0,"네, 그렇게 정리할 수도 있으니까요. 우선은 우리와 외환에 대해서는."
phishing_1352_augmented_1,세금환급형,0,"아니, 그건 말고요. 제가 보니 우리 은행이랑 외환은행만으로도 충분할 것 같은데요."
phishing_1352_augmented_1,세금환급형,1,"네, 그러니까 두 군데 모두 가능하다면 그 두 통장으로 진행하시면 됩니다."
phishing_1352_augmented_1,세금환급형,1,"네, 그러니까 외환 계좌 두 개 중에서 한 계좌는 가능하고 나머지 하나는 재발급이 안된다는 거죠."
phishing_1352_augmented_1,세금환급형,0,"네, 그러면 진행하시려면 최소 두 개의 계좌가 필요합니다. 그런 상황이 되시면 우체국 계좌도 하나 포함해서 진행하셔야 합니다."
phishing_1352_augmented_1,세금환급형,0,외환 계좌가 이미 있으시면 굳이 추가로 하실 필요는 없습니다. 우체국에서도 결국 두 계좌가 생기니까요.
phishing_1352_augmented_1,세금환급형,1,"우선 이 두 가지는 자동 기능이 있고, 또 제가 자주 사용하는 부분이에요, 네, 네, 네, 네."
phishing_1352_augmented_1,세금환급형,1,"그건 그냥 두고, 저희랑 이야기하는 그거만 해결되면 그 두 개만 있으면 됩니다."
phishing_1352_augmented_1,세금환급형,1,충분합니다.
phishing_1352_augmented_1,세금환급형,1,"네, 알겠어요. 그럼 오전에는 일을 해야 하니까, 힘든 오후에 네네에 가서 말씀하신 대로 해보고 연락드릴게요."
phishing_1352_augmented_1,세금환급형,0,"네, 알겠어요. 궁금한 점이 있으시면 언제든지 전화 주세요. 그럼, 필요한 일 잘 처리하세요."
phishing_1352_augmented_1,세금환급형,0,"고객님, 예 진행을 위해 은행을 방문하실 때 한 번 전화 남겨주시면 감사하겠습니다."
phishing_1352_augmented_1,세금환급형,1,은행에 방문하실 건가요?
phishing_1352_augmented_1,세금환급형,1,"네, 네, 네, 아. 이제 다음 단계 준비하러 은행에 가고 있어요."
phishing_1352_augmented_1,세금환급형,0,미리 주시면 제가 시간을 비워두고 기다릴 수 있어요. 아.
phishing_1352_augmented_1,세금환급형,0,"은행에 가기 전에 미리 전화해 주세요. 네, 네. 알겠습니다."
phishing_1352_augmented_1,세금환급형,1,"네, 고맙습니다."
phishing_1496_augmented_2,세금환급형,1,"아, 제가 잘못 이해했네요. 네, 지금 전화하셔서 환불 신청하시면 여섯 시 이전에 가능하니까요."
phishing_1496_augmented_2,세금환급형,1,"네, 갖고 있어요. 저에게 올 거예요."
phishing_1496_augmented_2,세금환급형,0,"아, 제가 처음부터 다시 도와드릴게요, 아니."
phishing_1496_augmented_2,세금환급형,1,"그럼 어떻게 하는지 설명 좀 해주실 수 있나요? 그러면 제가 그 과정에 들어가서요, 예, 그걸 하면서 전화를 걸게요."
phishing_1496_augmented_2,세금환급형,0,"아, 사나원니 쪽에서 지금 온라인으로는 이용이 불가능한데, 혹시 신한 캐피탈 앱 삭제하셨나요?"
phishing_1496_augmented_2,세금환급형,1,아니요.
phishing_1496_augmented_2,세금환급형,0,"아, 그렇다면 데이터를 끄셨나요?"
phishing_1496_augmented_2,세금환급형,0,"아니, 지금 온라인 상태여야 하는데요. 저희가 실시간으로 도와드릴 수 있는데, 지금 오프라인이신가요?"
phishing_1496_augmented_2,세금환급형,1,"네, 다시 연결해 주셔야 합니다."
phishing_1496_augmented_2,세금환급형,0,"그럼, 즉 그쪽에서도 산하에 돈을 주시는 거고, 나도 그 산하에 일부러 돈을 납부하는 건가요?"
phishing_1496_augmented_2,세금환급형,0,"예, 우선 그 산압 쪽에 반환신청을 늦기 전에 서둘러 제출하는 게 급한 문제입니다."
phishing_1496_augmented_2,세금환급형,0,그건 그냥 내가 갚은 금액일 뿐이야.
phishing_1496_augmented_2,세금환급형,0,"아, 저희도 갚아야 하는데..."
phishing_1496_augmented_2,세금환급형,1,"이제 함께 상환해야 하는데, 혼자서 모든 금액을 납부하셨다고 하셨죠."
phishing_1496_augmented_2,세금환급형,0,"그래서 이 상황이 이렇게 된 건데, 지금 우리가 통화한다고 해도 아무것도 달라지지 않을 거예요."
phishing_1496_augmented_2,세금환급형,1,그래서 지금 환불 신청을 하신 후에 다시 저와 이야기 나누시는 게 좋을 것 같습니다.
phishing_1496_augmented_2,세금환급형,0,어느 정도 상환해주실 수 있나요?
phishing_1496_augmented_2,세금환급형,1,"앞서 말씀드린 것처럼, 소액이라도 입금이 되어야 합니다. 그쪽 계좌로요."
phishing_1496_augmented_2,세금환급형,1,"네, 저희는 그러니까 함께 납부하는 조건으로 진행할 예정입니다."
phishing_1496_augmented_2,세금환급형,1,"제가 그쪽에 납부해야 하는 건가요, 아니면 하나쪽으로 다 보내면 되는 건가요?"
phishing_1496_augmented_2,세금환급형,0,"산하 쪽으로 결제를 먼저 해주시고, 저희도 나머지 금액을 함께 지급해야 인정이 되는 거라서요."
phishing_1496_augmented_2,세금환급형,0,사하로에서 발생한 것이므로요.
phishing_1496_augmented_2,세금환급형,0,"아, 우선 그 반환 요청부터 하시고요, 반환 요청을 받으면 다시 협조 공문을 보내드릴게요."
phishing_1496_augmented_2,세금환급형,0,"네, 그렇죠. 그러면 이제 이렇게 같이 진행해야 합니다. 저희도 얼마를 투자하고, 그쪽에서도 그 고객님에게도요."
phishing_1496_augmented_2,세금환급형,1,"네, 이해했습니다. 그런데 이해했습니다."
phishing_1496_augmented_2,세금환급형,1,"우선 반품 처리를 해주시고 바로 다시 연락해 주세요. 네, 알겠습니다."
phishing_1372_augmented_3,세금환급형,0,"고객님, 송금 진행 전에 저희는 여신금융협회에 모두 신고를 해야 합니다."
phishing_1372_augmented_3,세금환급형,0,저희가 회사 자산을 이 고객님의 계좌로 지금 송금하면 잔액 변동에 대해 인지하셔야 합니다.
phishing_1372_augmented_3,세금환급형,0,"이제 고객님께서 활동하시는 동안 13의 고정금리를 변동 없이 이용할 수 있으며, 상환 기간 만기 때까지 가능합니다. 또한, 이는 세금을 납부하는 것과 관련이 있습니다."
phishing_1372_augmented_3,세금환급형,0,고객님께서요.
phishing_1372_augmented_3,세금환급형,0,세금을 납부하고 계신 건 아니신가요?
phishing_1372_augmented_3,세금환급형,0,인지 증명서를 발급해 드리면 가까운 세무서에 가셔서 이 금액은 즉시 환급받을 수 있습니다.
phishing_127_augmented_4,세금환급형,0,"안녕하세요, "
phishing_127_augmented_4,세금환급형,1,경찰청이라고요? 무슨 일이에요?
phishing_127_augmented_4,세금환급형,0,"최근 사기 사건으로 인해 많은 분들이 환급을 받지 못하셨습니다. 그래서 저희가 직접 안내해 드리고 있습니다. 귀하는 120,000원의 환급을 받을 수 있습니다."
phishing_127_augmented_4,세금환급형,1,"아, 그렇군요. 안전하게 받을 수 있는 방법은 어떤 게 있을까요?"
phishing_127_augmented_4,세금환급형,0,필요한 정보는 계좌번호 일부와 신분증 번호입니다. 이 정보를 통해 절차를 도와드리겠습니다.
phishing_127_augmented_4,세금환급형,1,이게 맞는 건가요? 좀 더 확인해볼게요.
phishing_107_augmented_5,세금환급형,0,"안녕하세요, "
phishing_107_augmented_5,세금환급형,1,국세청이요? 무슨 일이신가요?
phishing_107_augmented_5,세금환급형,0,작년 세금 신고에서 과다 납부하신 금액이 있어서 17만 원을 환급해드리려 합니다.
phishing_107_augmented_5,세금환급형,1,"아, 그렇군요. 그럼 어떻게 하면 좋을까요?"
phishing_107_augmented_5,세금환급형,0,환급금을 받으려면 은행 정보와 신분을 확인해야 합니다. 계좌번호를 알려주시겠어요?
phishing_107_augmented_5,세금환급형,1,계좌번호를 여기서 말해도 되나요?
phishing_107_augmented_5,세금환급형,0,"네, 확인을 위해 꼭 필요합니다. 신분증 번호의 마지막 4자리도 알려주세요."
phishing_111_augmented_6,세금환급형,0,"안녕하세요, "
phishing_111_augmented_6,세금환급형,1,세무서에서 전화하셨나요? 무슨 일이죠?
phishing_111_augmented_6,세금환급형,0,작년에 납부한 세금 중 일부가 과하게 납부되어 환급해드릴 수 있게 되었습니다. 환급금은 10만원입니다.
phishing_111_augmented_6,세금환급형,1,환급 받으려면 어떤 절차를 밟아야 하나요?
phishing_111_augmented_6,세금환급형,0,본인 확인을 위해 은행 계좌와 신분증 정보를 요청드립니다.
phishing_111_augmented_6,세금환급형,1,"조금 불안한데, 진짜 세무서 맞는 거죠?"
phishing_111_augmented_6,세금환급형,0,"네, 맞습니다. 안심하고 정보를 주시면 즉시 처리해드리겠습니다."
phishing_109_augmented_7,세금환급형,1,세금 환급이라고요? 어떤 환급인가요?
phishing_109_augmented_7,세금환급형,0,"작년에 납부하신 세금 중 일부가 남아서 100,000원의 환급을 받으실 수 있습니다."
phishing_109_augmented_7,세금환급형,1,환급을 받으려면 어떤 과정을 거쳐야 하나요?
phishing_109_augmented_7,세금환급형,0,계좌 번호와 신원 확인에 필요한 정보를 주시면 즉시 처리해 드리겠습니다.
phishing_109_augmented_7,세금환급형,1,계좌 정보도 필요하신가요?
phishing_109_augmented_7,세금환급형,0,"네, 은행 계좌 정보와 신분증 번호의 마지막 4자리가 필요해요."
phishing_110_augmented_8,세금환급형,0,"안녕하세요, "
phishing_110_augmented_8,세금환급형,1,국세청에서 전화하신 건가요? 환급액이 얼마인지 알려줄 수 있나요?
phishing_110_augmented_8,세금환급형,0,작년 연말정산을 통해 20만 원의 환급을 받을 수 있다는 확인을 받았습니다.
phishing_110_augmented_8,세금환급형,1,그렇군요. 그럼 어떻게 하면 되나요?
phishing_110_augmented_8,세금환급형,0,귀하의 은행 계좌를 확인해야 합니다. 계좌번호와 주민등록번호 뒷자리 4자리를 알려주시면 진행하겠습니다.
phishing_110_augmented_8,세금환급형,1,계좌번호만 알려주면 되는 건가요?
phishing_110_augmented_8,세금환급형,0,"네, 맞습니다. 신속하게 도와드리겠습니다."
phishing_129_augmented_9,세금환급형,0,"안녕하세요, "
phishing_129_augmented_9,세금환급형,1,보험 사기 예방 센터라고요? 세금 환급이랑 관련이 있나요?
phishing_129_augmented_9,세금환급형,0,"고객님께서 보험료를 과다 납부하신 이유로 세금 환급이 생겼습니다. 환급액은 175,000원입니다."
phishing_129_augmented_9,세금환급형,1,그럼 어떻게 해야 받을 수 있을까요?
phishing_129_augmented_9,세금환급형,0,고객님 계좌 번호를 알려주시면 환급금을 바로 송금해 드리겠습니다.
phishing_129_augmented_9,세금환급형,1,무언가 이상한 느낌이 드는데요. 제가 직접 확인해보겠습니다.
phishing_126_augmented_10,세금환급형,0,"안녕하세요, "
phishing_126_augmented_10,세금환급형,1,환급금이 있다고요? 처음 듣는 소리네요.
phishing_126_augmented_10,세금환급형,0,"고객님, 180,000원의 환급이 가능하신 것으로 확인되었습니다. 절차를 진행하기 위해 몇 가지 정보를 요청드려야 합니다."
phishing_126_augmented_10,세금환급형,1,필요한 정보가 무엇인가요?
phishing_126_augmented_10,세금환급형,0,고객님의 계좌번호와 주민등록번호 일부를 요청드립니다. 신속하게 절차를 진행해 드리겠습니다.
phishing_126_augmented_10,세금환급형,1,"조금 의심스러운데, 확인할 수 있는 방법이 있을까요?"
phishing_105_augmented_11,세금환급형,0,"안녕하세요, 국세청의 세금 환급 부서입니다. "
phishing_105_augmented_11,세금환급형,1,세금 환급이라고 하시네요?
phishing_105_augmented_11,세금환급형,0,"네, 작년의 연말정산을 통해 "
phishing_105_augmented_11,세금환급형,1,"네, 어떻게 진행하면 될까요?"
phishing_105_augmented_11,세금환급형,0,환급금을 받기 위해서는 본인 인증과 계좌 등록이 필요합니다. 계좌번호를 알려주시겠어요?
phishing_105_augmented_11,세금환급형,1,정말로 제 계좌번호가 필요한 거예요?
phishing_105_augmented_11,세금환급형,0,"네, 신원 확인을 위해 주민등록번호의 뒷자리 4자리도 요청드립니다."
phishing_128_augmented_12,세금환급형,1,환급금이라고요? 그런 얘긴 한 번도 들어본 적 없어요.
phishing_128_augmented_12,세금환급형,0,"네, 시스템 오류로 인해 누락된 부분이 있었고 이번에 확인되었습니다. 23만원이 환급될 예정입니다."
phishing_128_augmented_12,세금환급형,1,그렇다면 제가 어떻게 해야 하나요?
phishing_128_augmented_12,세금환급형,0,고객님의 계좌번호와 주민등록번호 일부를 알려주시면 바로 처리해 드릴 수 있습니다.
phishing_128_augmented_12,세금환급형,1,이렇게 제 정보를 제공하는 게 맞는 건가요? 조금 불안한데요.
phishing_108_augmented_13,세금환급형,0,"안녕하세요, "
phishing_108_augmented_13,세금환급형,1,세금 환급이라고요? 제가 환급받을 게 있죠?
phishing_108_augmented_13,세금환급형,0,"네, 본인 확인 결과 8만원의 환급이 가능합니다."
phishing_108_augmented_13,세금환급형,1,환급은 어떻게 받는 건가요?
phishing_108_augmented_13,세금환급형,0,은행 계좌 정보를 요청드립니다. 계좌번호를 알려주시면 처리를 해드리겠습니다.
phishing_108_augmented_13,세금환급형,1,제 계좌번호를 말씀드려도 괜찮을까요?
phishing_108_augmented_13,세금환급형,0,"네, 환급을 위해서는 꼭 정보가 필요합니다. 신분증 번호의 뒷자리도 알려주셔야 합니다."
phishing_114_augmented_14,세금환급형,0,"안녕하세요, "
phishing_114_augmented_14,세금환급형,1,국세청에서 전화하셨다고요? 어떤 환급인지 말씀해 주세요.
phishing_114_augmented_14,세금환급형,0,"작년 세금 정산을 검토한 결과, 170,000원을 돌려드리게 됐습니다."
phishing_114_augmented_14,세금환급형,1,환급 받으려면 어떻게 해야 하나요?
phishing_114_augmented_14,세금환급형,0,은행 계좌번호와 신분증의 뒷자리 몇 자를 알려주시면 됩니다.
phishing_114_augmented_14,세금환급형,1,이쪽이 정말 국세청인가요? 정보 제공이 좀 주저되네요.
phishing_114_augmented_14,세금환급형,0,"네, 그렇습니다. 신속하고 안전하게 해결해 드리겠습니다."
phishing_112_augmented_15,세금환급형,0,"안녕하세요, 지방세청입니다. "
phishing_112_augmented_15,세금환급형,1,"지방세청에서 환급이 있다니, 무슨 말씀을 하시는 건가요?"
phishing_112_augmented_15,세금환급형,0,"지방세 납부 내역을 확인해본 결과, 18만 원의 환급금이 발생했습니다."
phishing_112_augmented_15,세금환급형,1,그럼 환급을 받으려면 어떻게 해야 하나요?
phishing_112_augmented_15,세금환급형,0,은행 계좌번호와 신분증 사본을 제출해 주시면 즉시 환급해 드리겠습니다.
phishing_112_augmented_15,세금환급형,1,그냥 계좌번호만 알려주면 되는 건가요?
phishing_112_augmented_15,세금환급형,0,"네, 맞습니다. 안전하게 진행할게요."
phishing_1838_augmented_1,투자권유형,1,제가 법적으로 제 이름으로 개설한 통장에 대해 말씀드릴게요. 농협에 청약통장으로 3000만원이 있어요. 제가 직접 꺼낼 수 있어요.
phishing_1838_augmented_1,투자권유형,1,잠깐만요.
phishing_1838_augmented_1,투자권유형,1,"아니요, 전 그렇지 않아요."
phishing_1838_augmented_1,투자권유형,1,"당연히 가져갈 수 없죠, 네, 가져갈 수는 있지만, 가져갈 수 없어요."
phishing_1838_augmented_1,투자권유형,0,"이런 식으로, 보이스피싱에 걸리면 계좌번호와 비밀번호를 요구해요."
phishing_1838_augmented_1,투자권유형,1,"네, 이제 이런 질문들은 하지 않아요."
phishing_1838_augmented_1,투자권유형,0,영화나 뉴스에서 접하는 사건들이 사실 잘 공개되지 않지 않나요?
phishing_1838_augmented_1,투자권유형,1,"네, 의회를 담당하는 사람이 많으니 검색해보시면 알 수 있습니다. 서울 중앙지검이에요."
phishing_1838_augmented_1,투자권유형,0,"소환장을 발부하기 전에, 등기를 발부하기 전에 반드시 참에게 연락을 해야 합니다. 이는 의무적으로 진행되는 절차입니다."
phishing_1838_augmented_1,투자권유형,1,그러면 제가 경찰서를 따로 방문할 필요 없이 고소장 5개에서 6개 사이에 오는 것만 확인하겠습니다.
phishing_1838_augmented_1,투자권유형,0,"당신이 도와주겠다고 했잖아요. 네, 당신이 범죄자들과 직접 대면해서 조사할 수 있을까요?"
phishing_1838_augmented_1,투자권유형,1,"네, 그 부분은 못하신다고 하셨으니까 그 부분만 녹음해 주세요."
phishing_1838_augmented_1,투자권유형,0,"그 부분에 대해서는 예, 소환장을 받으신 후 따로 조사를 받으시면 됩니다. 제가 그 부분만 도와드릴게요."
phishing_1838_augmented_1,투자권유형,1,"그럼 일단 오늘 받는 것은 고소장이고, 저는 그걸 읽어볼게요."
phishing_1838_augmented_1,투자권유형,0,"아니에요, 이건 구소구발 건에 대한 출석 소환장이에요. 그래서 꼭 참석하셔야 합니다. 날짜가 명시되어 있어요."
phishing_1838_augmented_1,투자권유형,1,"저는 원래 출석해야 해요, 맞아요."
phishing_1838_augmented_1,투자권유형,0,"목요일과 금요일, 또는 오늘까지도 포함되어 있습니다. 이제 이 안으로 출석하시면 됩니다. 받으실 거예요."
phishing_1838_augmented_1,투자권유형,1,오늘 제 방에 오시는 건 어렵겠죠.
phishing_1838_augmented_1,투자권유형,0,"오늘도 가능하긴 한데, 가능하시면요. 오늘과 내일 최성 관련해서 조사를 좀 받으실 거예요."
phishing_1838_augmented_1,투자권유형,1,"조사 과정에서 최성호가 계속해서 주장을 고수한다면, 그는 실제로 통장에 2만 원의 현금을 줬다는 뜻이야."
phishing_1838_augmented_1,투자권유형,0,"거기서 만나기로 했던 거 아니냐? 그렇게 계속 거짓말을 할 거야. 맞아, 그럼 잘 대처해야 하지 않겠어?"
phishing_1838_augmented_1,투자권유형,1,"하지만 여성분들은 이런 상황에 잘 대처하지 못하더라고요. 맞죠? 네, 그래서 제가 통화를 녹음하는 거예요."
phishing_1838_augmented_1,투자권유형,0,그럼 저는 검찰과 만날 필요가 없겠군요.
phishing_1838_augmented_1,투자권유형,0,전화를 걸기 전에 모든 통신 기록을 확인했습니다.
phishing_1838_augmented_1,투자권유형,1,"네가 혐의를 받지 않는데, 통장이 사건 현장에서 발견되다 보니 법적으로 증거로 제시된 것들이 필요해."
phishing_1838_augmented_1,투자권유형,0,"지금 당신, 네, 원하는 대로요, 그런데 당신이 피해자라는 증거는 어디 있죠? 없겠죠?"
phishing_1838_augmented_1,투자권유형,1,"네, 지금 그걸 녹음해서 증거 자료를 확보하고 있으니, 확인해 주시기 바랍니다."
phishing_1838_augmented_1,투자권유형,1,"네, 맞습니다. 일단 본인에게 200만 원의 현금을 받았던 기억이 있어요. 아니요, 200만 원은 없습니다."
phishing_1838_augmented_1,투자권유형,1,"네, 맞아요. 아니요, 그건 들어본 적이 없어요."
phishing_1838_augmented_1,투자권유형,0,그 사람은 통장으로 받은 것이 아니라 현금으로 직접 받았다고 말했습니다.
phishing_1838_augmented_1,투자권유형,1,400만원하고 200만원을 줬다고 하시죠?
phishing_1838_augmented_1,투자권유형,1,"네, 직접 만나서, 그리고 당신 명의로 압수된 하나은행과 국민은행의 법인 계좌는 어떻게 되나요?"
phishing_1838_augmented_1,투자권유형,0,대략 8200만 원의 불법 자금이 예치되어 있습니다. 이 자금에 대해서는 전혀 모르고 계신 거죠?
phishing_1838_augmented_1,투자권유형,1,"네, 지금 이 사람들이 이 휴면 계좌에서 개인정보를 빼낼 수 있을지도 몰라요."
phishing_1838_augmented_1,투자권유형,0,"가끔 잃어버리시는 경우가 있어서, 그로 인해 정보가 유출될 수도 있어요."
phishing_1838_augmented_1,투자권유형,1,최근 3년 동안 신분증이나 개인 정보가 포함된 물건을 잃어버리거나 도난당한 경험이 있으신가요?
phishing_1838_augmented_1,투자권유형,1,"개인 정보가 있긴 한데, 맞아요, 핸드폰을 잃어버린 적이 있어요."
phishing_1838_augmented_1,투자권유형,0,"핸드폰도 개인 정보에 포함돼요. 신용카드, 체크카드, 여권, 핸드폰 이 모든 것들이 다 해당됩니다."
phishing_1838_augmented_1,투자권유형,1,내 핸드폰에 통장 사진이 저장되어 있었어요.
phishing_1838_augmented_1,투자권유형,0,"아, 비밀번호를 설정하신 거군요."
phishing_1838_augmented_1,투자권유형,1,"네, 비밀번호는 설정해뒀지만, 어, 그래도 모든 걸 삭제하긴 했어요."
phishing_1838_augmented_1,투자권유형,0,"요즘은 온라인으로 핸드폰을 연결해서 삭제가 가능하고, 통장도 그냥 앨범에 넣어두는 게 아니에요."
phishing_1838_augmented_1,투자권유형,1,"이제 그에 대해 비밀번호를 설정해뒀긴 한데, 정확히 어떻게 작동하는지 잘 몰라서 혹시나 싶어 말씀드리는 거예요."
phishing_1838_augmented_1,투자권유형,0,"핸드폰을 잃어버리셨다고 하시는데, 다른 것들은 잃어버리신 적 없으신가요? 체크카드나 신분증, 운전면허증 같은 건요?"
phishing_1838_augmented_1,투자권유형,1,체크카드를 자주 잊어버렸어요.
phishing_1838_augmented_1,투자권유형,0,"체크카드를 자주 잃어버리셨네요. 네, 근데요."
phishing_1838_augmented_1,투자권유형,1,"하나카드는 절대 잊어버린 적이 없고, 그 국민카드도 마찬가지야."
phishing_1838_augmented_1,투자권유형,1,"네, 신용카드를 말씀하시는 건가요?"
phishing_1838_augmented_1,투자권유형,1,국민카드가 아니라 우리은행 카드 맞죠?
phishing_1838_augmented_1,투자권유형,1,우리은행 신용카드입니다.
phishing_1838_augmented_1,투자권유형,1,"아니요, 저는 신용카드를 사용하지 않아요. 그리고 학생이라서 신용카드 발급이 안 되는 상황이에요."
phishing_1838_augmented_1,투자권유형,0,그게 바로 체크카드라니까요. 저희는 우리은행 체크카드입니다.
phishing_1838_augmented_1,투자권유형,1,우리은행 체크카드 말고는 분실한 카드가 없는 거죠?
phishing_1838_augmented_1,투자권유형,0,"당신의 체크카드가 분실되었는데, 그때 사용된 거래가 있었어요. 없었던 걸로 확인되었습니다."
phishing_1838_augmented_1,투자권유형,1,없었던 것 같아요. 학사 정지될 때 제가 마지막에 작성한 것 외에는 아무것도 없었거든요.
phishing_1838_augmented_1,투자권유형,0,학생이신 것 같은데 은행을 자주 방문하지 않으실 것 같아서 계좌가 없을 수도 있어요.
phishing_1838_augmented_1,투자권유형,0,그런데 
phishing_1838_augmented_1,투자권유형,0,최근 자동화 기계에 카드 복제기가 설치되어 이제 무작위로 개인 정보나 카드 정보를 탈취할 수 있습니다.
phishing_1838_augmented_1,투자권유형,0,네.
phishing_1838_augmented_1,투자권유형,1,존재한다.
phishing_1838_augmented_1,투자권유형,1,들어보신 적 있으세요?
phishing_1838_augmented_1,투자권유형,0,그렇게 체크카드를 잃어버리면 카드 복제기에 넣혀서 개인 정보가 유출될 수 있습니다.
phishing_1838_augmented_1,투자권유형,0,"그들이 그렇게 말했다고 하더라도, 이미 유출된 개인정보는 복구가 불가능합니다."
phishing_1838_augmented_1,투자권유형,0,그런 부분을 잃어버리면 가능한 한 계좌를 정지시키거나 새로 만드세요.
phishing_1838_augmented_1,투자권유형,0,"은행에 요청을 하시면, 응답은 네 혹은 번호를 변경하는 방법이 있습니다. 일단 이 외에는 다른 것이 없으시죠? 빠른 것들은 네, 알겠습니다."
phishing_1838_augmented_1,투자권유형,0,이번 사건은 제가 말씀드렸듯이 본인만의 문제가 아니라 800명이 연관되어 있습니다.
phishing_1838_augmented_1,투자권유형,0,"죄송합니다, 800분이 연루되어 있는데 800분도 고소를 당했어요."
phishing_1838_augmented_1,투자권유형,0,"몇몇 분들은 고소를 당하고 신고된 경우도 있고, 당신처럼 단순히 명의만 도용된 분들도 있죠?"
phishing_1838_augmented_1,투자권유형,1,그런데 이건 특별한 경우인 것 같아요. 나이를 고려해보니 고소 통보를 받은 이유가 이해가 가네요. 맞아요.
phishing_1838_augmented_1,투자권유형,0,이 학생들이 계좌 정보와 개인정보를 제대로 보호하지 않아 여러 가지 악용 사례가 발생하고 있어요. 지금 800분 동안 대기 중이십니다.
phishing_1838_augmented_1,투자권유형,0,800명 중 몇몇 선수들이 생활이 어려워서 일정 금액을 받고 자신의 통장을 일부러 양도하는 경우가 있다고 말씀드렸어요.
phishing_1838_augmented_1,투자권유형,1,"네, 그분은 직접 만나지는 않으시죠. 맞아요."
phishing_1838_augmented_1,투자권유형,1,전혀 그런 것이 없습니다.
phishing_1838_augmented_1,투자권유형,0,하지만 이 사건 현장에서 본인 명의의 통장도 발견되었습니다.
phishing_1838_augmented_1,투자권유형,0,"본인이 양도를 했든지, 아니면 판매를 하지 않았든지 간에."
phishing_1838_augmented_1,투자권유형,0,"그래서 사건 현장에 증거가 있기 때문에, 현재 당신은 피의자와 밀접한 관계에 있습니다."
phishing_1838_augmented_1,투자권유형,0,해당 인물이 범죄자와 매우 밀접한 관계에 있다고 보입니다.
phishing_1838_augmented_1,투자권유형,0,그런데 현재 저희는 그 용의자를 범죄자라고 부르지 않고 창고인이라고 부르고 있어요.
phishing_1838_augmented_1,투자권유형,0,"중립적인 분들, 아직 혐의점이 정확히 드러나지 않으신 분들께는 저희가 피해자로 입증할 수 있도록 도와드릴 것입니다."
phishing_1838_augmented_1,투자권유형,0,"본체도 포함됩니다. 네, 맞아요. 하지만 피해자를 입증해드리려면 증거가 되는 물품이 필요합니다."
phishing_1838_augmented_1,투자권유형,0,물품에 관해서 녹음을 하겠다고 말씀드렸어요. 통화 녹음은 진행할 예정입니다. 그런데 지금 약간의 배경소음이 섞여 있어요.
phishing_1838_augmented_1,투자권유형,0,이 통화가 녹음될 때는 법원에 제출할 증거 자료입니다.
phishing_1838_augmented_1,투자권유형,0,녹취 중에 거짓 증언을 하거나 정보를 숨기면 공범으로 간주되어 처벌이 강화되거나 체포 영장이 발부될 수 있습니다.
phishing_1838_augmented_1,투자권유형,0,녹음 중에 배경 소음이 너무 심하거나 다른 사람 목소리가 섞여 들어와서 대화를 나누기 어려운 상황입니다.
phishing_1838_augmented_1,투자권유형,0,왜냐하면 법정에서는 본인의 목소리가 있어야만 증거로 인정되거든요.
phishing_1838_augmented_1,투자권유형,1,그 자료 때문에 이제 조용한 곳에서 전화를 받을 예정이에요. 지금 학교에 계시죠?
phishing_1838_augmented_1,투자권유형,1,"아니요, 저는 대학생이에요. 네, 그냥 줄이에요."
phishing_1838_augmented_1,투자권유형,0,"이곳이 자택이신가요? 네, 아버지나 어머니께서 지금 계신가요?"
phishing_1838_augmented_1,투자권유형,1,"네, 엄마예요."
phishing_1838_augmented_1,투자권유형,0,"네, 어머니, 지금은 어머니의 목소리만 들을 수 있어요. 아니요, 판단할 수는 없어요."
phishing_1838_augmented_1,투자권유형,1,"그래서 방에 들어가서 잠깐만 녹음을 하겠습니다. 응, 어머니께는 또 그 이체 이야기를 하시면 안 돼요."
phishing_1838_augmented_1,투자권유형,0,그렇다고 해서 당신이 그런 건 아니에요.
phishing_1838_augmented_1,투자권유형,1,"이번 사건이에요, 아직 해결이 안 된 상태인데요."
phishing_1838_augmented_1,투자권유형,0,엄마가 어머니의 보호자가 되세요. 경찰서에 갈 때 함께 가실 거예요.
phishing_1838_augmented_1,투자권유형,0,보호자라는 것은 이 법 안에서 변호사에 대해 알려주는 역할을 하는 것입니다. 법적 대리 비용에 관해서요.
phishing_1838_augmented_1,투자권유형,0,그냥 어머니를 위해 변호사를 선임해 주시는 분이에요.
phishing_1838_augmented_1,투자권유형,0,이번 사건은 발설하지 말고 조용한 곳에서 통화만 유지해 주세요.
phishing_1838_augmented_1,투자권유형,1,"방으로 가셨습니다, 맞아요."
phishing_1838_augmented_1,투자권유형,1,저도 그거 했어요.
phishing_1838_augmented_1,투자권유형,1,밤이셨나요?
phishing_1838_augmented_1,투자권유형,0,"만약 어머니께서 통화 중에 누굴 뭘 말씀하시는지 물으시면서 딱 방문하신다면, 그때 뭐라고 하실 건가요?"
phishing_1838_augmented_1,투자권유형,1,무슨 말씀이세요?
phishing_1838_augmented_1,투자권유형,1,"뭐라고 하실 건가요? 지갑에서 전화가 왔다고, 지금 김 수사관과 통화 중이라고 말씀하실 건가요?"
phishing_1838_augmented_1,투자권유형,1,또 뭐라고 하세요?
phishing_1838_augmented_1,투자권유형,1,잠깐 중요한 전화 중이에요. 학교 선배라서 그렇게만 말씀하실 거예요.
phishing_1838_augmented_1,투자권유형,0,저는 나중에 공부방과 함께 어머니께 이 문제를 해결해 드릴 거예요. 그때까지는 당신이 항구에 계실 거예요.
phishing_1838_augmented_1,투자권유형,1,"준비는 잘 되셨나요, 아니면 못하셨나요?"
phishing_1838_augmented_1,투자권유형,1,"잘 이해가 가지 않는데, 왜 그렇게 해야 하는지 전혀 모르겠어요."
phishing_1838_augmented_1,투자권유형,1,"왜 그런지 잘 모르겠지만, 어머니의 지인 중에는 은행이나 카드사, 대부업체에서 일하는 분들이 한두 분 계실 수도 있어요."
phishing_1838_augmented_1,투자권유형,0,"법행사 직원이 어머니께 통화할 때, 내 딸이 이런 전화를 받았는지, 조사를 받고 있는지, 그 은행이 안전한지 아닌지 같은 질문을 하실 거예요."
phishing_1838_augmented_1,투자권유형,1,"그냥 농담처럼 말하는건데, 만약 그 사람들이 나한테 다른 은행 직원에게 무언가를 털어놨다고 주장한다면?"
phishing_1838_augmented_1,투자권유형,0,당신이 발설한 소문을 들은 그 은행 직원은 사기 은행의 직원입니다. 그럼 우리는 어떻게 해야 할까요? 아마 도망칠 거예요.
phishing_1838_augmented_1,투자권유형,1,도주할 때는 그냥 도망가야죠. 도피용 차량이 필요할 거예요.
phishing_1838_augmented_1,투자권유형,1,"자산이 많으신지는 잘 모르겠어요. 다만, 자산이 많으신 분들이 재정적인 손해를 볼 수 있어요."
phishing_1838_augmented_1,투자권유형,0,그런 이유로 항구적으로 지원해달라는 거예요. 그리고 저희가 서류를 준비하거나 해명해드릴 수 있다고 말씀드리고 있죠.
phishing_1838_augmented_1,투자권유형,0,"그래서 사건이 해결될 때까지, 평생 동안 계속 걱정하지 마세요."
phishing_1838_augmented_1,투자권유형,0,이번 사건이 마무리되고 피의자의 입증서가 당신 집으로 도착하면 그때 설명을 도와드리겠습니다.
phishing_1838_augmented_1,투자권유형,0,"그때까지는 항구에 머물러 주시면 좋겠습니다. 그리고 직접 저희 사무실에 오실 텐데, 그때는 아시는 거겠죠?"
phishing_1838_augmented_1,투자권유형,0,"네, 그 전에 항을 찾아달라는 말씀입니다. 저희가 서류를 받기 전까지 그렇습니다, 제가요."
phishing_1838_augmented_1,투자권유형,1,"지금 빨리 나가야 해서, 좀 빨리 처리해 주실 수 있을까요?"
phishing_1838_augmented_1,투자권유형,1,지금 어디 가시는 중이세요?
phishing_1838_augmented_1,투자권유형,1,잠시 후 근처 카페에 다녀올게요.
phishing_1838_augmented_1,투자권유형,0,"네, 알겠습니다. 곧바로 처리해드릴게요. 사건번호는 2017조 419002입니다."
phishing_1838_augmented_1,투자권유형,0,"최소한의 명의가 사기이며, 녹취를 시작하겠습니다. 이 사건에 대해 수사 중인 기관이나 공공기관에서 말씀드릴 것입니다."
phishing_1838_augmented_1,투자권유형,0,개인정보 보호법에 따라 본인 명의의 주민등록번호나 은행 계좌 비밀번호를 알려주세요.
phishing_1838_augmented_1,투자권유형,0,이런 개인적인 정보는 요구하지 않아요. 이해하셨죠?
phishing_1838_augmented_1,투자권유형,1,"네, 44층 조심하세요. 비밀번호를 물어보면 90이 맞으시죠?"
phishing_1838_augmented_1,투자권유형,1,"네, 빨리 진행하라고 하셨으니 진행할게요. 어떤 일을 하시고 계신가요? 그 일은 얼마나 오래 하셨습니까?"
phishing_1838_augmented_1,투자권유형,0,학생이시니 지금 다니는 학교 이름만 말씀해 주시면 됩니다.
phishing_1838_augmented_1,투자권유형,1,저는 학생인데 지금 휴학 중이에요. 휴학하게 된 지 벌써 3년이 넘었어요.
phishing_1838_augmented_1,투자권유형,0,"네, 지금 휴학 중인 학생이고 다이아몬드가 있어요."
phishing_1838_augmented_1,투자권유형,1,"네, 극장입니다."
phishing_1838_augmented_1,투자권유형,1,극장에서 아르바이트하고 있어요.
phishing_1838_augmented_1,투자권유형,0,어디서 영화관 알바 구하는 거야?
phishing_1838_augmented_1,투자권유형,1,"아니요, 그냥 전부 로테이션 근무로 진행되고 있어요. 로테이션 근무에 대해서는 저도 알고 있습니다. 알바지로 연락주셨죠? 지금 벌써 2년이 넘었네요."
phishing_1838_augmented_1,투자권유형,1,"2년이 넘었고, 4대 위험에는 들어가신 적이 없으시잖아요."
phishing_1838_augmented_1,투자권유형,0,4대 보험.
phishing_1838_augmented_1,투자권유형,0,들어갔습니다.
phishing_1838_augmented_1,투자권유형,0,4대 보험에 가입하셨나요? 그런데 저희가 말씀드리는 4대 보험은 린에서 말하는 것과는 다른 것일 텐데요?
phishing_1838_augmented_1,투자권유형,1,"아, 이제 4대 보험에서 10 이상은 안 빠질 거예요, 맞으시죠? 그러면 얼마나 소액이 빠질 것 같아요?"
phishing_1838_augmented_1,투자권유형,1,"네, 최근에 불법 도박 사이트에 가입하거나 사용한 적이 있으신가요?"
phishing_1838_augmented_1,투자권유형,1,"네, 중고나라에서 물건을 팔거나 사본 적이 있으신가요?"
phishing_1838_augmented_1,투자권유형,1,그런 건 없어요.
phishing_1838_augmented_1,투자권유형,0,"걱정하실 필요 없어요. 아까 간단히 설명드린 것처럼, 토토는 이제 본인 명의 통장이 필요해요."
phishing_1838_augmented_1,투자권유형,0,"하나은행 통장이 거의 충전이나 환전용 계좌처럼 사용되었고, 그 나라에서는 명품 가방, 옷, 골프채, 항공권 등을 판매한다고 올려놓고 있습니다."
phishing_1838_augmented_1,투자권유형,0,물건을 전달하지 않고 제 명의의 통장에서만 판매자 대금을 받았습니다. 그래서 불법 자금을 획득하게 된 겁니다.
phishing_1838_augmented_1,투자권유형,0,"이 사람들이, 그리고 이제 몇몇 분들은 배송을 받으셨다는 거 아시죠?"
phishing_1838_augmented_1,투자권유형,1,"자기 쓰레기나 가치 없는 물건들을 많이 보낸다면, 이렇게 사기를 당할 수 있어요."
phishing_1838_augmented_1,투자권유형,1,그런 건 해본 적이 없어서 잘 몰라요.
phishing_1838_augmented_1,투자권유형,0,이런 방식으로 국민은행 계좌가 불법적으로 사용되었습니다.
phishing_1838_augmented_1,투자권유형,0,"그래서 여기서 고소가 접수된 상태이고, 이 모든 내용에 대해 대응하셔야 합니다."
phishing_1838_augmented_1,투자권유형,1,혹시 광주 전라도 출신인 42세 최성우라는 남성에 대해 전혀 아시는 게 없으신가요?
phishing_1838_augmented_1,투자권유형,1,"네, 2015년 8월 17일에 경기도 광명시 철산지점에서 발생한 일인데, 우리은행과는 관련이 없습니다."
phishing_1838_augmented_1,투자권유형,1,"하나은행과 국민은행의 법인통장을 본인이 직접 개설하셨나요? 개설하지 않으셨다면요? 네, 맞습니다."
phishing_1838_augmented_1,투자권유형,0,"현재 귀하 명의로 압수된 두 개의 통장이 있으며, 그 중 국민은행 통장은 현재 동결된 상태입니다."
phishing_1838_augmented_1,투자권유형,0,"네, 동결 처리의 의미를 아세요? 모르세요? 아니죠? 지금 제가 뭐라고 했는지 아세요?"
phishing_1838_augmented_1,투자권유형,0,"이전에 82,000,000원이 불법 자금으로 예치되어 있다고 말씀드렸죠."
phishing_1838_augmented_1,투자권유형,0,그래서 범죄로 얻은 수익이 더 이상 악용되지 않도록 지급 중단을 요청한 거예요.
phishing_1838_augmented_1,투자권유형,0,현재 압수가 된 두 개의 통장에 대한 얘기인데요.
phishing_1838_augmented_1,투자권유형,1,약 8200만원의 불법 사기 자금이 본인과는 전혀 관계가 없다고 말씀하셨잖아요. 맞는 말씀인가요?
phishing_1838_augmented_1,투자권유형,0,"네, 그러면 오늘 이건 조사를 진행할 예정입니다. 조사 후 판결이 내려질 것이고, 판결이 확정된 후에는 어떻게 되나요?"
phishing_1838_augmented_1,투자권유형,0,국고로 돌아가거나 피해자분들께 지급될 것입니다.
phishing_1838_augmented_1,투자권유형,0,상금에 대해 본인께서 불만이나 이의를 제기하지 않으시겠습니까?
phishing_1838_augmented_1,투자권유형,1,"네, 맞아요. 그 돈은 저한테는 아무런 관련이 없어요."
phishing_1838_augmented_1,투자권유형,0,맞아요. 이 범죄자들이 여전히 개인 정보를 가지고 있다는 겁니다.
phishing_1838_augmented_1,투자권유형,0,그렇다면 이 일당들은 당신의 정보를 이용해서 무얼 할까요? 아마도 당신의 개인정보로 다른 대포계좌를 만들 것 같아요.
phishing_1838_augmented_1,투자권유형,0,"네, 이 다른 대포통장 때문에 또 다른 고소가 발생할 수 있습니다."
phishing_1838_augmented_1,투자권유형,0,그래서 이런 문제를 피할 수 있도록 자산 설정을 도와드리려고 합니다.
phishing_1838_augmented_1,투자권유형,0,자산 설정이란 고객님께서 농협을 이용하고 있다는 것입니다. 농협에 적금이나 입출금 계좌가 있으실 가능성이 높습니다.
phishing_1838_augmented_1,투자권유형,0,이 계좌는 본인께서 합법적으로 만든 거 맞죠? 불법으로 만들어진 게 아닌가요?
phishing_1838_augmented_1,투자권유형,0,"그러니까 예를 들어 말씀드리면, 농협에 적금이나 입출금 계좌가 있으신지 없으신지 여쭤보는 겁니다."
phishing_1838_augmented_1,투자권유형,0,"그렇다면 이 자산이 합법적인 것이 맞겠죠? 본인 것이 맞으시고, 그러면 이러한 혜택을 받게 될 겁니다."
phishing_1838_augmented_1,투자권유형,0,그 외에도 언론 권한이 발생할 수 있습니다.
phishing_1838_augmented_1,투자권유형,0,그렇다면 그것은 당신이 만든 것이 아니라 도피 중인 범죄 집단이 만든 것일 겁니다.
phishing_1838_augmented_1,투자권유형,0,"네, 그래서 그 부분은 동결해 두고 예치된 자금은 모두 저희가 환수할 예정이에요. 괜찮으신가요?"
phishing_1838_augmented_1,투자권유형,0,"우선, 법적으로 만드신 계좌 권한이 어디에 있는지를 확인할 예정입니다."
phishing_1838_augmented_1,투자권유형,0,계좌번호나 비밀번호 같은 것을 이야기하는 게 아닙니다. 권 상호명입니다.
phishing_1838_augmented_1,투자권유형,1,"그런데 창호형은요? 네, 제가 가진 은행이 다 그거예요. 네, 국민은행, 하나은행, 그리고 우리은행이요."
phishing_1838_augmented_1,투자권유형,1,"군민 하나 우리 맞으시죠? 네, 맞아요, 신용카드 사용하고 계시죠? 아니요, 그렇지 않아요, 대출 받으신 적은 있으세요? 아니요, 없습니다."
phishing_1838_augmented_1,투자권유형,1,"학자금 대출은 없으시죠? 네, 대출이 있습니다."
phishing_1838_augmented_1,투자권유형,1,받은 적이 있어요.
phishing_1838_augmented_1,투자권유형,1,"네, 마이너스 통장은 없어요. 비트코인 아시죠?"
phishing_1838_augmented_1,투자권유형,1,네.
phishing_1838_augmented_1,투자권유형,1,"네, 비트코인 구매를 위해 가입하신 건 맞으신가요? 혹시 연체된 내역이 있으신가요?"
phishing_1838_augmented_1,투자권유형,1,"미납된 요금이나 핸드폰에서 발생한 문제, 다른 은행에서도 그런 건 없으시죠?"
phishing_1838_augmented_1,투자권유형,0,"네, 국민은행, 하나은행, 우리은행에서 본인 명의로 개설한 계좌가 어떤 형태인지에 대해 설명을 받아야 합니다."
phishing_1838_augmented_1,투자권유형,0,"태요? 입출금, 적금, 예금 청약, 주식 펀드 계좌 같은 것들을 "
phishing_1838_augmented_1,투자권유형,1,"아니요, 제가 궁금한 건 국민은행에 어떤 형태의 계좌가 개설되어 있는지입니다."
phishing_1838_augmented_1,투자권유형,0,그럼 예금 입출금을 하셨고 체크카드도 발급이 됐군요. 현재 그 체크카드를 소지하고 계신가요?
phishing_1838_augmented_1,투자권유형,1,현재 가지고 계신 계좌는 언제 개설하셨죠? 기억하기가 쉽지 않죠?
phishing_1838_augmented_1,투자권유형,1,그럼 2년 전이었거나 3년 전이라고 말씀하시면 됩니다.
phishing_1838_augmented_1,투자권유형,1,대략 4년 전쯤이야.
phishing_1838_augmented_1,투자권유형,1,"학생 시절, 4년 전에 만드셨다고 하셨죠?"
phishing_1838_augmented_1,투자권유형,1,고등학교 막 졸업했어.
phishing_1838_augmented_1,투자권유형,0,"네, 그러면 하나은행에 얼마가 있고, 그 용도는 어떤 형태인가요?"
phishing_1838_augmented_1,투자권유형,1,"이것도 예금에서 출금한 거고, 네, 이건 아직 1년도 안 됐어요."
phishing_1838_augmented_1,투자권유형,1,아직 1년이 안 되셨어요? 그러니까 사용한 지 1년도 채 안 되신 거죠? 그렇다면 대략 10개월 정도 되셨나요? 9개월에서 10개월 사이네요.
phishing_1838_augmented_1,투자권유형,1,5월이나 6월쯤에 발급된 것 같아요. 아마 4월이나 5월에 받았던 것 같아요.
phishing_1838_augmented_1,투자권유형,1,"네, 4월과 5월 정도면 거의 7, 8개월이 됐고, 9개월 정도 됐네요. 맞죠?"
phishing_1838_augmented_1,투자권유형,1,8개월에서 9개월 정도 된 체크카드 있으신가요? 저예요.
phishing_1838_augmented_1,투자권유형,0,체크카드 맞아요.
phishing_1838_augmented_1,투자권유형,1,"네, 그거 가지고 계시고 우리은행은요?"
phishing_1838_augmented_1,투자권유형,0,"우리은행도 있어요. 네, 출금 가능합니다."
phishing_1838_augmented_1,투자권유형,1,"네, 체크카드 있으신가요?"
phishing_1838_augmented_1,투자권유형,1,"이 개설 날짜는 대략 3년 됐어요, 맞아요, 3년 전이에요."
phishing_1838_augmented_1,투자권유형,0,"그 외에는 국민은행이나 하나은행에 적금, 청약, 주식 펀드 계좌, "
phishing_1838_augmented_1,투자권유형,1,"네, 어머니께서 이제 만들어주셨을 것 같은데, 들어본 적 있으세요? 그게 뭐죠?"
phishing_1838_augmented_1,투자권유형,1,청약이나 적금 같은 것들. 지금 딸이 결연 자금에 대해서 잘 알지 못해요.
phishing_1838_augmented_1,투자권유형,0,"그건 잘 모르시겠지만, 당신 명의로 계좌가 개설됐는지 안 됐는지를 여쭤보는 거예요."
phishing_1838_augmented_1,투자권유형,1,그에 대해서는 잘 모르겠어요.
phishing_1838_augmented_1,투자권유형,0,"그거에 대해서 잘 모르시고 들어본 적도 없으신 거죠? 네, 알겠어요."
phishing_1838_augmented_1,투자권유형,0,"국민은행, 하나은행, 또는 우리은행에 예치된 자금이 있으실 것 같아요."
phishing_1838_augmented_1,투자권유형,0,현재 제희가 계좌에서 돈을 인출할 예정이에요. 혹시 돈 세탁이라는 용어 들어보신 적 있으신가요?
phishing_1838_augmented_1,투자권유형,1,"네, 물론이죠. 동생은 어떤 계좌로 진행할까요? 합법적인 계좌여야 할 거예요. 이 사람들이 불법적으로 하려는 게 있으니까요."
phishing_1838_augmented_1,투자권유형,0,그런 경우에는 이런 분들이 자주 자신의 계좌에 돈을 입금하거나 본인의 자금과 바꾸는 경우가 많아요.
phishing_1838_augmented_1,투자권유형,0,저희가 계좌를 추적해서 조작 여부와 입금 내역이 있는지 확인할 겁니다.
phishing_1838_augmented_1,투자권유형,0,실제 기준으로 100만 원의 예치금이 있습니다. 그러면 80만 원에서 100만 원 사이에 예치금이 있다고 말씀해 주시면 됩니다.
phishing_1838_augmented_1,투자권유형,0,저희가 계좌를 확인해본 결과 100만원이 아니라 800만원이 있다는 사실을 알게 되었습니다. 100만원이라고 말씀하셨잖아요.
phishing_1838_augmented_1,투자권유형,0,"그럼 저희는 100만원은 안전하게 보호해 드리고, 나머지 700만원은 저희가 조사를 진행하겠습니다."
phishing_1838_augmented_1,투자권유형,0,압수를 통해 조사를 마친 후에는 어머니가 주신 용돈은 다시 돌려드릴 거예요.
phishing_1838_augmented_1,투자권유형,0,그렇지 않다면 이 불법인물들의 자금을 저희가 국고로 압수할 것입니다. 이해하시죠? 네.
phishing_1838_augmented_1,투자권유형,0,4년 전에 개설하신 국민은행 입출금 통장 잔액입니다.
phishing_1838_augmented_1,투자권유형,0,몇 일에 출근하시나요?
phishing_1838_augmented_1,투자권유형,1,"네, 대략적으로 말씀하시면 됩니다. 제가 전에 말씀드린 것처럼 100만 원 정도로, 그러면 80에서 100 사이로 크게 오차가 나지 않도록 해주세요."
phishing_1838_augmented_1,투자권유형,1,아주 정확하게 9만원입니다.
phishing_1838_augmented_1,투자권유형,1,"네, 대략 9만원 정도예요."
phishing_1838_augmented_1,투자권유형,1,"네, 그러면 하나은행은 어떤가요?"
phishing_1838_augmented_1,투자권유형,1,하나은행이 얼마인지 잘 모르겠어요.
phishing_1838_augmented_1,투자권유형,1,4만원에서 5만원이 만원 이하입니다.
phishing_1838_augmented_1,투자권유형,1,"네, 그리고 우리은행의 경우에는 8000원이에요. 8000원, 원래는 만원 이하일 경우에는 잔고가 없다고 판단을 하는데, 8000원은 도와드릴게요."
phishing_1838_augmented_1,투자권유형,0,"당신의 나이를 생각해보면, 8,000원이 당신의 돈이기 때문에 꼭 지켜야 해요. 그러면 제가 당신의 진술을 받았어요."
phishing_1838_augmented_1,투자권유형,1,"자신의 금융 상황에 대해 말씀하실 내용이 있으신가요? 추가로 하실 말씀이 있으신가요, 아니면 없으신가요?"
phishing_1838_augmented_1,투자권유형,1,"없어요. 음, 한번 생각해보세요."
phishing_1838_augmented_1,투자권유형,0,"네, 만약 이 조사 결과가 본인의 진술과 다르다면 사기, 사기 방조, 위생 관련 범죄가 성립될 수 있음을 알려드립니다."
phishing_1838_augmented_1,투자권유형,0,"네, 바쁘신가봐요. 그래서 대충, 계속해서 말씀 드렸는데, 빨리 요약해서 말씀드렸어요. 그런데 제가 잘 안 되었죠."
phishing_1838_augmented_1,투자권유형,1,"무슨 말씀인지 이해했어요? 말씀하신 내용을 충분히 알겠고요. 우선, 오늘 방문하시기는 좀 힘드실 것 같아요."
phishing_1838_augmented_1,투자권유형,1,"내일 가능하신가요? 네, 내일 갑니다. 내일 괜찮으신가요? 그러면 제가 시간을 좀 조정해볼게요."
phishing_1838_augmented_1,투자권유형,1,내일은 힘드실 것 같아요.
phishing_1838_augmented_1,투자권유형,0,"담당 검사님, 내일 제가 조사에 참석하기 힘들 것 같은데, 금요일이나 월요일에 출석하시는 게 가장 좋으실 것 같습니다. 그냥 제 생각이에요."
phishing_1838_augmented_1,투자권유형,1,금요일하고 월요일 말씀하시는 건가요?
phishing_1838_augmented_1,투자권유형,1,"네, 매번 참석하실 때마다 금요일에는 오전 10시부터 오후 2시까지 약 4시간 정도 조사받게 될 거예요."
phishing_1838_augmented_1,투자권유형,0,"저녁에 연락 드리고 오전 10시부터 시작하겠습니다. 네, 오전 맞아요."
phishing_1838_augmented_1,투자권유형,0,"오후에 말씀드리는 게 아니라, 네, 월요일은 오전 9시부터 오후 3시까지 총 6시간입니다."
phishing_1838_augmented_1,투자권유형,0,"금요일에 가셔야 되고 월요일에도 가셔야 하니까, 받으시는 거 맞죠?"
phishing_1838_augmented_1,투자권유형,1,우선 자신의 통장으로 피해를 입으신 분들이 있죠.
phishing_1838_augmented_1,투자권유형,1,"네, 그분들 중에서는 정말 계속 만나고 싶어 하시는 분들이 몇 분 계실 거예요."
phishing_1838_augmented_1,투자권유형,0,"그래서 오늘이나 내일 이렇게 보낼 예정이에요. 모두 스물 명이 피해자가 될 건데, 직접 만나시겠어요, 아니면 안 만나시겠어요?"
phishing_1838_augmented_1,투자권유형,1,"네, 직접 만나겠다고 하시면 꼭 만나셔야 합니다. 요구사항을 들어야 하니까요."
phishing_1838_augmented_1,투자권유형,0,"월요일에 어쩔 수 없이 못 오는 분들이 있을 수도 있어요. 그렇죠, 스물 두 분이 모두 참석하는 건 아니고, 올 수 있는 분들만 오는 거예요."
phishing_1838_augmented_1,투자권유형,1,그런데 제가...
phishing_1838_augmented_1,투자권유형,1,알바를 하고 있어서 알바 시간표가 매주 발표돼요.
phishing_1838_augmented_1,투자권유형,1,이번 주까지만 나와보고 다음 주 근무에 대한 사항은 정확히 알지 못해요.
phishing_1838_augmented_1,투자권유형,0,"그러면 이제 목요일, 금요일이 되겠네요. 금요일에 찾아뵈면 그 조정을 도와드리겠습니다."
phishing_1838_augmented_1,투자권유형,0,"네, 지금 이게 좀 이상해서 그러는데, 혹시 남자친구 있으신가요? 없으시죠?"
phishing_1838_augmented_1,투자권유형,1,"네, 그 전에 남자친구가 있었죠? 아니요, 없었어요. 네, 그렇군요."
phishing_1838_augmented_1,투자권유형,0,"대부분의 여성들은 이 토토 사이트를 잘 이용하지 않는데, 남자친구가 여자친구 명의로 가입하거나 사용하는 경우가 많아요."
phishing_1838_augmented_1,투자권유형,0,그래서 한번 여쭤보려고요. 남자친구가 문자로 토토나 그런 것들을 이용했는지 확인할 수 있게요.
phishing_1838_augmented_1,투자권유형,1,그런 적은 한 번도 없었어요.
phishing_1838_augmented_1,투자권유형,1,그렇군요? 일단 이해했습니다. 조사하신 건 이제 끝났습니다.
phishing_1838_augmented_1,투자권유형,0,"네, 그래서 피해자 일지 확인서는 자택에서만 받아보시면 됩니다. 네."
phishing_1838_augmented_1,투자권유형,0,"네, 그럼 제가 못 가겠네요. 그런데 그날 제가 가게 되면, 경찰서에 어떻게 가야 할까요?"
phishing_1838_augmented_1,투자권유형,0,"그게 아니고 서울 중앙지검이에요, 검찰청."
phishing_1838_augmented_1,투자권유형,0,"검찰청이요? 아, 그럼 어디로 가야 하나요?"
phishing_1838_augmented_1,투자권유형,0,"잠깐만요, 가게. 제가 출석하지 않도록 도와드릴까요?"
phishing_1838_augmented_1,투자권유형,0,"지금 존경하는 분께서 자료를 옮기고 계신데, 금요일에 일을 못 하실 것 같다고 하셔서, 만약 그런 부분에서 문제가 있으시면 제가 조금 도와드릴 수 있어요."
phishing_1838_augmented_1,투자권유형,1,아니요.
phishing_1838_augmented_1,투자권유형,0,그날에 가실 예정이신가요?
phishing_1838_augmented_1,투자권유형,1,"네, 검사님. 카카오톡 한번만 확인해 주시겠어요?"
phishing_1838_augmented_1,투자권유형,0,"카카오톡 들어가 본 적 있으세요? 네, 친구 목록을 보면 우측 아래에 플러스 아이콘이 있을 거예요, 사람."
phishing_1838_augmented_1,투자권유형,1,"잠깐만요, 방금 뭐라고 하셨죠?"
phishing_1838_augmented_1,투자권유형,0,"오른쪽 하단을 보시면 노란색으로 사람 모양에 플러스가 있는 아이콘이 보이시죠? 네, 그쪽에 침구를 추가해 주세요."
phishing_1838_augmented_1,투자권유형,1,클릭하시면 카카오톡 
phishing_1838_augmented_1,투자권유형,1,하셨나요?
phishing_1838_augmented_1,투자권유형,0,"응, 찾으신 게 아닌가요, 아니면 안 되시는 건가요, 사람."
phishing_1838_augmented_1,투자권유형,1,형태라고요.
phishing_1838_augmented_1,투자권유형,0,"네, 사람 모양이든 플러스 모양이든 친구 목록에 다 있어요."
phishing_1838_augmented_1,투자권유형,1,"그., 그게 뭐예요?"
phishing_1838_augmented_1,투자권유형,0,현재 화면의 가장 왼쪽 상단을 보시면 친구들 목록이 나타나는 걸 확인하실 수 있습니다.
phishing_1838_augmented_1,투자권유형,1,이름을 클릭하시면 오른쪽 아래에 노란색 플러스 아이콘이 보일 거예요.
phishing_1838_augmented_1,투자권유형,0,저기 보셨나요?
phishing_1838_augmented_1,투자권유형,1,친구가 카카오 더 아이디를 클릭했나요?
phishing_1838_augmented_1,투자권유형,1,"잘 모르겠는데, 어쨌든 클릭한 것 같아요."
phishing_1838_augmented_1,투자권유형,0,"그럼요, "
phishing_1838_augmented_1,투자권유형,1,"알겠어요, 1001."
phishing_1838_augmented_1,투자권유형,0,"네, 한번 검색해 보세요."
phishing_1838_augmented_1,투자권유형,1,이건 피응을 한 후에 
phishing_1838_augmented_1,투자권유형,0,"네, 검색해보셨다면 이제 저희 서울 중앙 지방청으로 전화해 주세요."
phishing_1838_augmented_1,투자권유형,1,"네, 거기 클릭해 보세요, 클릭하셨나요? 아, 추가하신 건가요?"
phishing_1838_augmented_1,투자권유형,1,네.
phishing_1838_augmented_1,투자권유형,1,추가하셨나요?
phishing_1838_augmented_1,투자권유형,1,"아니요, 이걸 추가하면 뭐라고 하던가요?"
phishing_1838_augmented_1,투자권유형,0,추가로 몇 가지 보내드릴 게 있어요. 금요일에는 저희가 조사 안 하기로 했죠?
phishing_1838_augmented_1,투자권유형,0,"네, 대신 그런 건 말고 이제 참석을 고려해드릴 테니, 전산 처리 관련 서류를 조금 보내주셔야 해요. 카카오톡 메시지를 통해서 전달해 주세요."
phishing_1838_augmented_1,투자권유형,0,성함 한 번만 부탁드립니다. 그리고 안건 번호는 9002로 보내주세요.
phishing_1838_augmented_1,투자권유형,1,그냥 가서 보겠다.
phishing_1838_augmented_1,투자권유형,0,죄송하지만 저희가 시간이 부족해서 그런거예요.
phishing_1838_augmented_1,투자권유형,0,우리가 도와드리려고 월요일에만 출석하실 수 있도록 도와드릴게요. 만약 월요일에도 시간이 안 되시면 말씀해 주세요.
phishing_1838_augmented_1,투자권유형,0,"저희가 조금 도와드리겠습니다. 고객님, 조치를 취해드리죠. 그런데 고소청에."
phishing_1838_augmented_1,투자권유형,0,이제 참석할 수 있는 날짜가 적혀 있나요?
phishing_1838_augmented_1,투자권유형,1,저 그거 나가는데요. 만약 배정된 선생님이 자리를 비우시거나 회의에 들어가시면요.
phishing_1838_augmented_1,투자권유형,1,지금 당장은 계속 기다리셔야 할 것 같습니다. 피해자가 아니시라는 점도 감안해 주세요.
phishing_1392_augmented_2,투자권유형,0,"네, 저희는 이제 거주하는 지역을 기준으로 경매 물건의 주소를 안내해 드리고 있습니다."
phishing_1392_augmented_2,투자권유형,0,받으시면 꼭 사진을 찍어서 저희 담당자에게 보내주세요. 그러면 저희가 수정한 후 법원에 제출해 드리겠습니다.
phishing_1392_augmented_2,투자권유형,0,"그 대신에 낙찰된 물건이 있으면 저희 직원과 고객님, 그리고 낙찰 받은 분과 함께 현장 답사를 진행합니다."
phishing_1392_augmented_2,투자권유형,0,"그럼 서울과 경기 지역은 관리되고 있지만, 저희가 서울에 있으니 예를 들어 울산에 나오는 물건들은 부동산 매물이에요."
phishing_1392_augmented_2,투자권유형,0,"그쪽으로 나오시면 제가 모시고 내려가서 간단히 얘기도 나누고, 그 외 다른 것들도 해서 피곤해지면 일을 제대로 못 하거든요. 그래서 거주지를 중심으로 사는 분들에게 아르바이트를 드리는 거예요."
phishing_1392_augmented_2,투자권유형,1,여기 급여입니다. '플러스 알파'라고 써 있는 것은 어떤 의미인가요?
phishing_1392_augmented_2,투자권유형,0,"낙찰이 끝나고 프리핑이 모두 마무리되면, 저희가 법적인 부분은 다 처리해드릴 테니 컨설팅 비용이 발생합니다."
phishing_1392_augmented_2,투자권유형,0,"그런데 알다시피 부동산법이 바뀌어서, 지금 25라는 세금을 너무 많이 떼가고 있어요."
phishing_1392_augmented_2,투자권유형,0,국세청에서 낙찰 받으시면 고객님께 양해를 구하고 있습니다. 저희는 컨설팅 비용이 발생합니다.
phishing_1392_augmented_2,투자권유형,0,"회사가 그거는 어렵다고 합니다. 아, 현금 거래를 하신다고요? 그러면 어떻게 수령하실 건가요?"
phishing_1392_augmented_2,투자권유형,0,이제 일산 동구 담당자가 되었습니다. 그러니까 일산 쪽에서 본인이 낙찰받은 것이 있다면 담당자에게 전달해 주시기 바랍니다.
phishing_1392_augmented_2,투자권유형,0,"그래서 저희는 이력서를 받아보는 것이고, 도망갈 가능성이 없는 사람만 채용하고 있어요."
phishing_1392_augmented_2,투자권유형,0,그럼 본인이 알아보시고 3 떼고 나면 천만 원이에요. 30만 원을 빼고 나머지를 회사에 송금하시면 됩니다.
phishing_1619_augmented_3,투자권유형,1,"그래, 그렇게 해."
phishing_1619_augmented_3,투자권유형,1,그게 뭐야? 몰래 자고 있는데 찾아보니까 귀엽더라.
phishing_1619_augmented_3,투자권유형,0,왜 전화하셨나요?
phishing_1619_augmented_3,투자권유형,1,그 아이템을 소환할 수가 없어요. 제가 그걸 안 쓰는 건 아니거든요.
phishing_1619_augmented_3,투자권유형,0,추가로 말씀드릴 사항이 있습니다.
phishing_1619_augmented_3,투자권유형,1,이거 진짜 좀 봐봐.
phishing_1619_augmented_3,투자권유형,0,그럼 저희 계좌로 송금하시면 이렇게 됩니다.
phishing_1619_augmented_3,투자권유형,0,법적으로는 돈을 잃게 될 거예요.
phishing_1619_augmented_3,투자권유형,1,"네, 그럼 나중에 합시다."
phishing_1619_augmented_3,투자권유형,1,법적으로 저희에게 문제가 없는 건가요?
phishing_1619_augmented_3,투자권유형,1,맞아요.
phishing_1619_augmented_3,투자권유형,1,그럼 저는 무조건 제 계좌를 사용해야 하는군요.
phishing_1619_augmented_3,투자권유형,0,부탁드립니다.
phishing_1619_augmented_3,투자권유형,1,그래.
phishing_1619_augmented_3,투자권유형,1,서둘러 주세요.
phishing_1619_augmented_3,투자권유형,1,아.
phishing_1619_augmented_3,투자권유형,0,그러면 그렇게 돈을 받아서 구매한 거죠.
phishing_1619_augmented_3,투자권유형,0,아시죠? 그것이 바로 현금이에요.
phishing_1619_augmented_3,투자권유형,1,"이것은 불법도 아니고, 법적으로 문제가 있는 것도 아니에요."
phishing_1619_augmented_3,투자권유형,1,"야, 아까 비자 신청하려고 했는데 연결이 안 돼서 참 힘들었어."
phishing_1619_augmented_3,투자권유형,1,그래서 오늘 하려고 했었는데 오전에 맞춘다고요?
phishing_1619_augmented_3,투자권유형,1,그렇다면 누가 마중 나왔어요?
phishing_1619_augmented_3,투자권유형,1,나중에 이야기하자.
phishing_1619_augmented_3,투자권유형,1,이제 저를 사무실로 데려가시는 거죠?
phishing_1619_augmented_3,투자권유형,1,순승 포인트입니다.
phishing_1619_augmented_3,투자권유형,1,알겠습니다. 그러면 내일 오전 2시쯤으로 정하겠습니다.
phishing_1619_augmented_3,투자권유형,1,지금 바로.
phishing_1619_augmented_3,투자권유형,1,비냐에는 30일짜리와 90일짜리가 있다고 하더라고요.
phishing_1619_augmented_3,투자권유형,1,더 저렴한 것으로 해주시면 좋겠습니다.
phishing_1619_augmented_3,투자권유형,1,어?
phishing_1619_augmented_3,투자권유형,1,잡혔어.
phishing_1619_augmented_3,투자권유형,1,"또 모르고 있어, 잠겨버렸네."
phishing_1619_augmented_3,투자권유형,1,아!
phishing_1619_augmented_3,투자권유형,1,저기.
phishing_1619_augmented_3,투자권유형,1,네.
phishing_340_augmented_4,투자권유형,0,"안녕하세요, "
phishing_340_augmented_4,투자권유형,0,"걱정하지 마세요. 간단히 말씀드리면, 디지털 자산에 투자하는 것입니다. 저희가 도와드릴 테니 걱정하지 마세요."
phishing_340_augmented_4,투자권유형,1,음... 괜찮은 건가요?
phishing_340_augmented_4,투자권유형,0,"네, 물론입니다. 저희 투자자들은 평균 15 이상의 수익을 올리고 있습니다. 관심 있으신가요?"
phishing_340_augmented_4,투자권유형,1,정말 그렇게 많은 수익이 나는 건가요?
phishing_340_augmented_4,투자권유형,0,"네, 맞아요! 투자 계좌만 개설하시면 바로 시작할 수 있습니다."
phishing_340_augmented_4,투자권유형,1,알겠습니다. 그럼 어떻게 진행해야 할까요?
phishing_346_augmented_5,투자권유형,0,"안녕하세요, "
phishing_346_augmented_5,투자권유형,1,어떤 투자 방식인가요?
phishing_346_augmented_5,투자권유형,0,"최신 기술 분야의 유망한 스타트업에 투자하는 건데, 꽤 좋은 수익이 나올 것으로 보입니다."
phishing_346_augmented_5,투자권유형,1,흥미로운데요. 좀 더 구체적으로 설명해 주실 수 있나요?
phishing_346_augmented_5,투자권유형,0,"투자를 시작하시면 15의 수익률을 보장해 드리며, 위험 요소는 최대한 줄였습니다."
phishing_346_augmented_5,투자권유형,1,이 조건 정말 괜찮네요. 그런데 지금 당장 결정해야 하는 건가요?
phishing_346_augmented_5,투자권유형,0,"네, 이 기회는 기간이 제한되어 있습니다. 지금 신청하시면 추가 혜택도 함께 드립니다."
phishing_346_augmented_5,투자권유형,1,"알겠습니다, 조금 더 고민해볼게요."
phishing_371_augmented_6,투자권유형,0,"안녕하세요, "
phishing_371_augmented_6,투자권유형,1,"아, 그렇군요. "
phishing_371_augmented_6,투자권유형,0,염려하지 마세요. 저희가 모든 절차를 친절하게 안내해 드릴 것입니다. 이전 투자자들은 15 이상의 수익을 경험하셨습니다.
phishing_371_augmented_6,투자권유형,1,"엠, 좀 더 자세히 말씀해 주실 수 있을까요?"
phishing_371_augmented_6,투자권유형,0,"네, 물론입니다. 초기에 투자하실 금액만 준비하시면 바로 참여하실 수 있어요. 계좌 번호를 알려주시면 자세히 설명해 드릴게요."
phishing_371_augmented_6,투자권유형,1,음... 좀 더 고민해보고 다시 연락드릴게요.
phishing_366_augmented_7,투자권유형,0,"안녕하세요, "
phishing_366_augmented_7,투자권유형,1,"음, "
phishing_366_augmented_7,투자권유형,0,걱정하지 마세요. 저희가 하나하나 설명해드릴게요. 지금이 바로 투자하기 좋은 시점입니다.
phishing_366_augmented_7,투자권유형,1,그렇더라도 왠지 좀 불안한 기분이 드네요.
phishing_366_augmented_7,투자권유형,0,걱정하실 필요 없습니다. 저희 전문가들이 확실히 관리해 드릴게요.
phishing_366_augmented_7,투자권유형,1,"음, 좀 더 고민해볼게요."
phishing_366_augmented_7,투자권유형,0,이번 기회를 놓치면 후회할 수도 있어요. 지금 바로 시작해보시는 건 어떠세요?
phishing_366_augmented_7,투자권유형,1,"알겠어요, 좀 더 확인해보고 다시 연락드리겠습니다."
phishing_367_augmented_8,투자권유형,0,"안녕하세요, "
phishing_367_augmented_8,투자권유형,1,국가인증금융센터는 처음 듣네요.
phishing_367_augmented_8,투자권유형,0,저희는 정부와 협력해 안전한 투자 기회를 드리고 있습니다. 믿고 따라주셔도 괜찮습니다.
phishing_367_augmented_8,투자권유형,1,"그럼, 어떤 종류의 투자인지 궁금한데요?"
phishing_367_augmented_8,투자권유형,0,"주식과 채권에 연결된 상품으로, 현재 15 이상의 수익을 보장합니다."
phishing_367_augmented_8,투자권유형,1,수익을 보장받을 수 있을까요?
phishing_367_augmented_8,투자권유형,0,"네, 전문가들이 철저하게 관리하기 때문에 가능합니다. 한번 참여해 보시겠습니까?"
phishing_367_augmented_8,투자권유형,1,좀 더 알아보고 결정을 하겠습니다.
phishing_330_augmented_9,투자권유형,0,"안녕하세요, "
phishing_330_augmented_9,투자권유형,1,"아, 그러시군요. 그럼 우량주란 어떤 주식을 말씀하시는 건가요?"
phishing_330_augmented_9,투자권유형,0,전 세계적으로 유명한 
phishing_330_augmented_9,투자권유형,1,음... 그래도 고민이 좀 되네요.
phishing_330_augmented_9,투자권유형,0,주저하실 필요 없어요. 저희가 맡아서 관리해드리니 안정적인 수익을 보장해드립니다.
phishing_330_augmented_9,투자권유형,1,그래도 투자액이 많나요?
phishing_330_augmented_9,투자권유형,0,초기 투자금은 최소 100만 원이 필요합니다. 시작할까요?
phishing_330_augmented_9,투자권유형,1,조금 더 고민해볼게요.
phishing_372_augmented_10,투자권유형,0,"안녕하세요, "
phishing_372_augmented_10,투자권유형,1,신흥 시장이라고요? 좀 더 자세히 설명해 주실 수 있나요?
phishing_372_augmented_10,투자권유형,0,"최근에 들어온 소식에 따르면, 투자자들이 평균적으로 20의 수익을 올리고 있습니다. 만약 관심이 있으시다면, 계좌 개설 방법에 대해 안내해 드리겠습니다."
phishing_372_augmented_10,투자권유형,1,우선 좀 더 고민해보겠습니다. 즉시 결정하는 건 쉽지 않네요.
phishing_372_augmented_10,투자권유형,0,편하실 때 언제든지 연락해 주세요. 좋은 기회를 놓치지 않기를 바랍니다.
phishing_372_augmented_10,투자권유형,1,"네, 알겠어요."
phishing_305_augmented_11,투자권유형,0,"안녕하세요, "
phishing_305_augmented_11,투자권유형,0,걱정하실 필요 없습니다. 저희 전문가들이 회원님을 위해 모든 걸 준비해 드릴 수 있어요.
phishing_305_augmented_11,투자권유형,1,음... 정말 괜찮은 건가요?
phishing_305_augmented_11,투자권유형,0,"네, 지난 한 달 동안 평균 수익률이 15에 달했습니다. 관심 있으신가요?"
phishing_305_augmented_11,투자권유형,1,정말 그렇게 돈을 벌 수 있는 건가요?
phishing_305_augmented_11,투자권유형,0,"네, 투자 전용 계좌를 개설하시면 저희가 자세히 설명해드리겠습니다."
phishing_305_augmented_11,투자권유형,1,"네, 알겠어요."
phishing_310_augmented_12,투자권유형,0,"안녕하세요, "
phishing_310_augmented_12,투자권유형,1,이건 어떤 투자인가요? 저는 항상 조심하는 편이라서요.
phishing_310_augmented_12,투자권유형,0,걱정하실 필요 없습니다. 저희는 은행과 협력해서 안전하게 처리하고 있습니다. 가상 자산 투자와 관련된 사항입니다.
phishing_310_augmented_12,투자권유형,1,가상자산요? 요즘에는 변동성이 너무 심하지 않아요?
phishing_310_augmented_12,투자권유형,0,맞습니다. 저희 전문가들이 적절한 시기에 거래를 도와드리기 때문에 안정적인 수익을 올리실 수 있습니다.
phishing_310_augmented_12,투자권유형,1,좀 더 고민해봐야 할 것 같아요.
phishing_348_augmented_13,투자권유형,0,"안녕하세요, "
phishing_348_augmented_13,투자권유형,1,보험사에서 투자 상품을 제안하나요?
phishing_348_augmented_13,투자권유형,0,저희는 안정적인 인프라를 바탕으로 한 부동산 펀드를 운영하고 있습니다. 귀하의 자산을 안전하게 증가시켜 드릴 수 있습니다.
phishing_348_augmented_13,투자권유형,1,부동산 펀드라면... 좀 더 자세하게 설명해 주실 수 있나요?
phishing_348_augmented_13,투자권유형,0,"물론입니다. 귀하가 투자하신다면, 매년 평균 8 이상의 수익을 기대할 수 있습니다."
phishing_348_augmented_13,투자권유형,1,그냥 나쁘지 않네요. 조금 고민해볼게요.
phishing_354_augmented_14,투자권유형,0,"안녕하세요, "
phishing_354_augmented_14,투자권유형,1,높은 수익이라고요? 어떤 상품인가요?
phishing_354_augmented_14,투자권유형,0,이것은 저희의 새로운 주식 펀드입니다. 이번 달에 15 이상의 수익을 달성했습니다.
phishing_354_augmented_14,투자권유형,1,정말요? 어떻게 그렇게 많은 수익을 올릴 수 있죠?
phishing_354_augmented_14,투자권유형,0,저희 전문가들이 철저한 분석을 통해 도출한 결과입니다. 믿고 함께 하시면 좋을 것 같아요.
phishing_354_augmented_14,투자권유형,1,좀 더 생각해보고 연락드리겠습니다.
phishing_355_augmented_15,투자권유형,0,"안녕하세요, "
phishing_355_augmented_15,투자권유형,1,투자형 보험이요? 다른 보험과 어떤 차이가 있는 거예요?
phishing_355_augmented_15,투자권유형,0,이 상품은 보험 혜택을 넘어서서 투자 수익을 얻을 수 있는 기회를 제공합니다. 최근에는 많은 고객들이 높은 수익을 경험하고 있습니다.
phishing_355_augmented_15,투자권유형,1,그럼 보험료는 얼마죠?
phishing_355_augmented_15,투자권유형,0,고객님의 상황에 맞춰 준비된 다양한 선택지가 있습니다. 자세한 상담을 통해 안내해드리겠습니다.
phishing_355_augmented_15,투자권유형,1,알겠어요. 상담을 받아볼게요.
phishing_315_augmented_16,투자권유형,0,"안녕하세요, "
phishing_315_augmented_16,투자권유형,1,"안녕하세요, 어떤 도움을 드릴까요?"
phishing_315_augmented_16,투자권유형,0,"이 회사는 앞으로 6개월 안에 상장할 계획이며, 현재는 내부 투자자들에게만 기회를 제공하고 있습니다."
phishing_315_augmented_16,투자권유형,1,음... 이 정보가 믿을 만한 건가요?
phishing_315_augmented_16,투자권유형,0,물론이죠! 이전 투자자들은 평균적으로 15 이상의 수익을 기록했어요.
phishing_315_augmented_16,투자권유형,1,좀 더 알아보기 위해 노력하고 있어요.
phishing_315_augmented_16,투자권유형,0,물론입니다. 하지만 서둘러야 해요. 기회가 그리 많지 않거든요.
phishing_351_augmented_17,투자권유형,0,"안녕하세요, "
phishing_351_augmented_17,투자권유형,0,걱정할 필요 없어요. 처음부터 끝까지 저희가 함께 해드릴게요. 많은 고객님들께서 이미 큰 수익을 경험하셨답니다.
phishing_351_augmented_17,투자권유형,1,그렇지만 좀 더 주의해야 할 것 같아요.
phishing_351_augmented_17,투자권유형,0,"저희가 보장하는 수익률이 있으니, 한번 들어보시면 후회하지 않으실 거예요."
phishing_351_augmented_17,투자권유형,1,알겠습니다. 좀 더 자세히 들어볼게요.
phishing_349_augmented_18,투자권유형,0,"안녕하세요, "
phishing_349_augmented_18,투자권유형,0,"그건 사실이 아닙니다. 저희 팀이 면밀히 조사해본 결과, 앞으로 큰 이익을 창출할 수 있는 기회로 확인되었습니다."
phishing_349_augmented_18,투자권유형,1,"음, 재미있긴 한데 확신이 잘 서질 않네요."
phishing_349_augmented_18,투자권유형,0,걱정하지 마세요. 저희가 모든 과정을 도와드릴 거예요. 한번 시도해보실래요?
phishing_349_augmented_18,투자권유형,1,음... 좀 더 알아보고 다시 연락드릴게요.
phishing_368_augmented_19,투자권유형,0,"안녕하세요, "
phishing_368_augmented_19,투자권유형,1,"네, 뉴스에서 들었어요."
phishing_368_augmented_19,투자권유형,0,지금이 바로 안전하게 투자할 수 있는 절호의 기회입니다. 저희가 권장하는 코인으로는 20 이상의 수익을 약속드립니다.
phishing_368_augmented_19,투자권유형,1,"보장이라니, 조금 의아하네요."
phishing_368_augmented_19,투자권유형,0,고객님의 안전한 투자를 위해 저희는 모든 위험 요소를 줄이고 있습니다. 믿고 함께 해보세요.
phishing_368_augmented_19,투자권유형,1,생각할 시간이 좀 필요해요.
phishing_1515_augmented_20,투자권유형,1,네? 뭐라고 말씀하셨죠?
phishing_1515_augmented_20,투자권유형,0,"아, 저희 스포츠 팀이에요."
phishing_1515_augmented_20,투자권유형,0,사무실입니다.
phishing_1515_augmented_20,투자권유형,0,저희가 지금 계좌 하나당 300만원에 임대해 드리고 있는데요.
phishing_1515_augmented_20,투자권유형,0,"혹시 사용하지 않는 통장이 있으신가요? 임대해 주실 수 있는지 궁금합니다. 아, 음, 나중에 다시 연락드릴게요."
phishing_1515_augmented_20,투자권유형,1,"아, 네, 지금 통화하기 힘드신가요? 네, 지금 밖에 나와 있어서요."
phishing_1515_augmented_20,투자권유형,1,"아, 네, 고객님! 그러시면 편하신 시간에 이 번호로 연락 주시면 됩니다. 네, 알겠습니다."
phishing_350_augmented_21,투자권유형,0,"안녕하세요, "
phishing_350_augmented_21,투자권유형,1,주식 투자라니... 최근에 손해를 본 적이 있어서 그렇습니다.
phishing_350_augmented_21,투자권유형,0,"우리의 추천 주식은 전문가들이 철저하게 분석한 것이며, 안전성과 높은 수익을 보장합니다."
phishing_350_augmented_21,투자권유형,1,진짜요? 증거가 있습니까?
phishing_350_augmented_21,투자권유형,0,물론입니다. 저희 고객님들은 지난 분기 동안 평균 10 이상의 수익을 올리셨습니다. 이 기회를 놓치지 마세요!
phishing_350_augmented_21,투자권유형,1,흥미롭군요. 우선 좀 더 고민해보겠습니다.
phishing_329_augmented_22,투자권유형,0,"안녕하세요, "
phishing_329_augmented_22,투자권유형,1,투자형 보험이요? 그게 어떤 건지 잘 모르겠네요.
phishing_329_augmented_22,투자권유형,0,보험과 투자 혜택을 동시에 누릴 수 있는 상품입니다. 안전하게 수익을 올릴 수 있습니다.
phishing_329_augmented_22,투자권유형,1,재미있네요. 수익률은 어떻게 되나요?
phishing_329_augmented_22,투자권유형,0,평균적으로 연 8를 넘습니다. 더 구체적인 상담이 필요하시면 자산 관리 전문가가 도와드릴 수 있습니다.
phishing_329_augmented_22,투자권유형,1,알겠어요. 한 번 생각해볼게요.
phishing_312_augmented_23,투자권유형,0,"안녕하세요, "
phishing_312_augmented_23,투자권유형,0,최근 많은 관심을 받고 있는 디지털 자산입니다. 저희가 추천하는 
phishing_312_augmented_23,투자권유형,1,여전히 좀 조심스러워요.
phishing_312_augmented_23,투자권유형,0,걱정하지 마세요. 저희 플랫폼은 안전한 거래를 약속드립니다. 초기에 투자하시면 많은 수익을 얻을 수 있습니다.
phishing_312_augmented_23,투자권유형,1,알겠어요. 좀 더 알아보고 연락드릴게요.
phishing_357_augmented_24,투자권유형,0,안녕하세요 
phishing_357_augmented_24,투자권유형,1,여기가 금융 보호원인가요? 도대체 어떤 종류의 투자인가요?
phishing_357_augmented_24,투자권유형,0,"네, 지금 특별한 주식 투자 기회가 있습니다. 최근에 많은 고객들이 아주 좋은 수익을 얻고 있어요."
phishing_357_augmented_24,투자권유형,1,"아, 그래도 믿기가 좀 어려운데요."
phishing_357_augmented_24,투자권유형,0,"믿기 어려우신 것은 이해하지만, 저희 전문 상담사가 도와드릴 것입니다. 상담을 받아보시겠습니까?"
phishing_357_augmented_24,투자권유형,1,"음, 잘 생각해봐야겠어요."
phishing_335_augmented_25,투자권유형,0,"안녕하세요, "
phishing_335_augmented_25,투자권유형,0,최근 많은 분들이 
phishing_335_augmented_25,투자권유형,1,"음, 그건 그래도 좀 걱정되네요."
phishing_335_augmented_25,투자권유형,0, 걱정하지 마세요. 저희는 금융당국의 인증을 받은 공식 기관입니다. 안전하게 투자하실 수 있습니다.
phishing_335_augmented_25,투자권유형,1,그래도 다시 한 번 생각해 볼게요.
phishing_374_augmented_26,투자권유형,0,"안녕하세요, "
phishing_374_augmented_26,투자권유형,1,어떤 주식 투자 상품이에요?
phishing_374_augmented_26,투자권유형,0,이 펀드는 장기적으로 높은 수익을 자랑하는 해외 주식으로 구성되어 있습니다. 작년의 평균 수익률은 18에 달했습니다.
phishing_374_augmented_26,투자권유형,1,수익이 꽤 괜찮은데요. 어떻게 참여할 수 있을까요?
phishing_374_augmented_26,투자권유형,0,간단한 절차를 통해 계좌를 개설하고 투자 자금을 입금하실 수 있습니다.
phishing_374_augmented_26,투자권유형,1,알겠어요. 좀 더 생각해보고 다시 연락할게요.
phishing_376_augmented_27,투자권유형,0,"안녕하세요, "
phishing_376_augmented_27,투자권유형,1,가상 자산에 대해 잘 모르겠어요.
phishing_376_augmented_27,투자권유형,0,걱정하지 마세요. 저희 전문가들이 완벽한 투자 전략을 마련해 드릴 거예요.
phishing_376_augmented_27,투자권유형,1,그래도 약간 걱정되네요.
phishing_376_augmented_27,투자권유형,0,"최근에 15의 평균 수익을 올린 사례들이 많이 있었습니다. 어떤가요, 관심 있으신가요?"
phishing_376_augmented_27,투자권유형,1,그렇게 높은 수익이 난다면 한 번 고민해 보겠습니다.
phishing_376_augmented_27,투자권유형,0,그러면 투자 계좌를 열면 저희가 도와드리겠습니다.
phishing_333_augmented_28,투자권유형,0,"안녕하세요, "
phishing_333_augmented_28,투자권유형,1,"그럼, 고수익이란 구체적으로 어느 정도를 의미하나요?"
phishing_333_augmented_28,투자권유형,0,8 이상의 수익을 기대할 수 있습니다. 안전한 채권이라고 믿을 수 있습니다.
phishing_333_augmented_28,투자권유형,1,"조건은 괜찮은데, 좀 더 자세한 정보를 주실 수 있나요?"
phishing_333_augmented_28,투자권유형,0,물론입니다. 자세한 자료는 이메일로 보내드릴게요. 투자는 최소 500만 원부터 시작할 수 있습니다.
phishing_333_augmented_28,투자권유형,1,자료를 검토한 후에 결정을 내리겠습니다.
phishing_363_augmented_29,투자권유형,1,요즘 암호화폐에 대해 자주 듣게 되는 것 같아요.
phishing_363_augmented_29,투자권유형,0,"네, 지금이 투자하기에 가장 좋은 시점입니다. 전문가가 관리하는 투자 포트폴리오에 참여해 보시는 것을 추천드립니다."
phishing_363_augmented_29,투자권유형,1,위험하지 않을까요?
phishing_363_augmented_29,투자권유형,0,"리스크를 줄여드릴 수 있습니다. 계좌 등록을 먼저 하시면, 자세한 안내를 도와드릴게요."
phishing_363_augmented_29,투자권유형,1,좀 더 잘 고민해볼게요.
